#
# A fatal error has been detected by the Java Runtime Environment:
#
#  EXCEPTION_ACCESS_VIOLATION (0xc0000005) at pc=0x00007ff884262578, pid=9920, tid=11028
#
# JRE version: OpenJDK Runtime Environment Temurin-21.0.12.1+1 (21.0.12.1+1) (build 21.0.12.1+1-LTS)
# Java VM: OpenJDK 64-Bit Server VM Temurin-21.0.12.1+1 (21.0.12.1+1-LTS, mixed mode, sharing, tiered, compressed oops, compressed class ptrs, g1 gc, windows-amd64)
# Problematic frame:
# V  [jvm.dll+0x362578]
#
# No core dump will be written. Minidumps are not enabled by default on client versions of Windows
#
# If you would like to submit a bug report, please visit:
#   https://github.com/adoptium/adoptium-support/issues
#

---------------  S U M M A R Y ------------

Command Line: -XX:MaxMetaspaceSize=512m --add-opens=java.base/java.util=ALL-UNNAMED --add-opens=java.base/java.lang=ALL-UNNAMED --add-opens=java.base/java.lang.invoke=ALL-UNNAMED --add-opens=java.prefs/java.util.prefs=ALL-UNNAMED --add-opens=java.base/java.nio.charset=ALL-UNNAMED --add-opens=java.base/java.net=ALL-UNNAMED --add-opens=java.base/java.util.concurrent.atomic=ALL-UNNAMED -Xmx2048m -Dfile.encoding=utf8 -Duser.country=US -Duser.language=en -Duser.variant -javaagent:C:\Users\PC-001\.gradle\wrapper\dists\gradle-8.6-all\3mbtmo166bl6vumsh5k2lkq5h\gradle-8.6\lib\agents\gradle-instrumentation-agent-8.6.jar org.gradle.launcher.daemon.bootstrap.GradleDaemon 8.6

Host: Intel(R) Core(TM) i5-2450M CPU @ 2.50GHz, 4 cores, 7G,  Windows 10 , 64 bit Build 19041 (10.0.19041.5915)
Time: Wed Sep 23 14:22:31 2026 SE Asia Standard Time elapsed time: 136.582953 seconds (0d 0h 2m 16s)

---------------  T H R E A D  ---------------

Current thread (0x000002077f238240):  WorkerThread "GC Thread#1"    [id=11028, stack(0x000000ec4d600000,0x000000ec4d700000) (1024K)]

Stack: [0x000000ec4d600000,0x000000ec4d700000],  sp=0x000000ec4d6ff8a0,  free space=1022k
Native frames: (J=compiled Java code, j=interpreted, Vv=VM code, C=native code)
V  [jvm.dll+0x362578]
V  [jvm.dll+0x35ed0e]
V  [jvm.dll+0x36f3c4]
V  [jvm.dll+0x2267dc]
V  [jvm.dll+0x35ec8b]
V  [jvm.dll+0x228a18]
V  [jvm.dll+0x3701ec]
V  [jvm.dll+0x37002a]
V  [jvm.dll+0x377844]
V  [jvm.dll+0x3779bb]
V  [jvm.dll+0x8e3751]
V  [jvm.dll+0x8600cd]
V  [jvm.dll+0x6d6c1d]
C  [ucrtbase.dll+0x21bb2]
C  [KERNEL32.DLL+0x17374]
C  [ntdll.dll+0x4cc91]


siginfo: EXCEPTION_ACCESS_VIOLATION (0xc0000005), reading address 0x0000000002000000


Registers:
RAX=0x0000000000000000, RBX=0x000000008c8ac578, RCX=0x0000000000000014, RDX=0x0000000000000000
RSP=0x000000ec4d6ff8a0, RBP=0x00000000000008ab, RSI=0x0000020767fdbc50, RDI=0x000002077fa02040
R8 =0x0000000002000000, R9 =0x000000008c8ac520, R10=0x0000000000000010, R11=0x0000000000000001
R12=0x000002077cb5c798, R13=0x00000000000003d8, R14=0x0000000000000040, R15=0x0000000000000000
RIP=0x00007ff884262578, EFLAGS=0x0000000000010246

XMM[0]=0x00000020003a3538 0x0000000000000001
XMM[1]=0x0000000000000000 0x0000000000000000
XMM[2]=0x81ea9f4081eaa038 0x81eaa0a881eaa118
XMM[3]=0x81e8dd8081e91308 0x81e91e2081e91e78
XMM[4]=0x81e8d22881e8d298 0x81e8d36081e8d3e8
XMM[5]=0x0000000000000000 0x0000000000000000
XMM[6]=0x0000000000000000 0x0000000000000000
XMM[7]=0x0000000000000000 0x0000000000000000
XMM[8]=0x0000000000000000 0x0000000000000000
XMM[9]=0x0000000000000000 0x0000000000000000
XMM[10]=0x0000000000000000 0x0000000000000000
XMM[11]=0x0000000000000000 0x0000000000000000
XMM[12]=0x0000000000000000 0x0000000000000000
XMM[13]=0x0000000000000000 0x0000000000000000
XMM[14]=0x0000000000000000 0x0000000000000000
XMM[15]=0x0000000000000000 0x0000000000000000
  MXCSR=0x00001fa0


Register to memory mapping:

RAX=0x0 is null
RBX=
[error occurred during error reporting (printing register info), id 0xc0000005, EXCEPTION_ACCESS_VIOLATION (0xc0000005) at pc=0x00007ff883f0ca66]
RCX=0x0000000000000014 is an unknown value
RDX=0x0 is null
RSP=0x000000ec4d6ff8a0 points into unknown readable memory: 0x0000000000000000 | 00 00 00 00 00 00 00 00
RBP=0x00000000000008ab is an unknown value
RSI=0x0000020767fdbc50 points into unknown readable memory: 0x0000000000000000 | 00 00 00 00 00 00 00 00
RDI=0x000002077fa02040 points into unknown readable memory: 0x00007ff88493a388 | 88 a3 93 84 f8 7f 00 00
R8 =0x0000000002000000 is an unknown value
R9 =0x000000008c8ac520 is an oop: [Ljava.lang.ClassValue$Entry; 
{0x000000008c8ac520} - klass: 'java/lang/ClassValue$Entry'[]
 - length: 32
R10=0x0000000000000010 is an unknown value
R11=0x0000000000000001 is an unknown value
R12=0x000002077cb5c798 points into unknown readable memory: 0x880005000d703cb7 | b7 3c 70 0d 00 05 00 88
R13=0x00000000000003d8 is an unknown value
R14=0x0000000000000040 is an unknown value
R15=0x0 is null

Top of Stack: (sp=0x000000ec4d6ff8a0)
0x000000ec4d6ff8a0:   0000000000000000 0000000000000001   ................
0x000000ec4d6ff8b0:   0000000000000012 0000020724360a00   ..........6$....
0x000000ec4d6ff8c0:   000002077f3b2c30 000002072343ebb0   0,;.......C#....
0x000000ec4d6ff8d0:   000002072a0b88f0 000002072343ebe8   ...*......C#....
0x000000ec4d6ff8e0:   000002072a0b88f0 00007ff88425ed0e   ...*......%.....
0x000000ec4d6ff8f0:   0000000000000000 000002077fa02040   ........@ ......
0x000000ec4d6ff900:   000002072343ebb0 00000000000003d8   ..C#............
0x000000ec4d6ff910:   00000000516326bd 0000004f42d35691   .&cQ.....V.BO...
0x000000ec4d6ff920:   000002072343ebe8 000002072a0b88f0   ..C#.......*....
0x000000ec4d6ff930:   000002072343ebe8 00007ff88426f3c4   ..C#......&.....
0x000000ec4d6ff940:   0000004800000000 00007ff8845d0001   ....H.....].....
0x000000ec4d6ff950:   000000000000000e 0000020724360be0   ..........6$....
0x000000ec4d6ff960:   0000000000000002 00007ff8841267dc   .........g......
0x000000ec4d6ff970:   000002072a0b88f0 00007ff88476b47e   ...*....~.v.....
0x000000ec4d6ff980:   0000000e8dc0ee00 00007ff88476b3e7   ..........v.....
0x000000ec4d6ff990:   000002072343ec48 00007ff88425ec8b   H.C#......%.....
0x000000ec4d6ff9a0:   000002072343ec48 000002072343ec48   H.C#....H.C#....
0x000000ec4d6ff9b0:   0000000000000001 00007ff884251d72   ........r.%.....
0x000000ec4d6ff9c0:   000002072987c040 00007ff884128a18   @..)............
0x000000ec4d6ff9d0:   0000000000000d6c 00000000000d1485   l...............
0x000000ec4d6ff9e0:   000000005162fdf0 0000004f42ab951e   ..bQ.......BO...
0x000000ec4d6ff9f0:   0000000000000004 00007ff8842701ec   ..........'.....
0x000000ec4d6ffa00:   000002072343ec48 000000ec4cbfed30   H.C#....0..L....
0x000000ec4d6ffa10:   000002072343ec60 0000000000000000   `.C#............
0x000000ec4d6ffa20:   0000000000000000 000002077cb5c798   ...........|....
0x000000ec4d6ffa30:   00007ff8849376e0 000000005162fdf0   .v........bQ....
0x000000ec4d6ffa40:   0000004f42ab951e 0000020700000005   ...BO...........
0x000000ec4d6ffa50:   000002077f3b2c30 0000020700000001   0,;.............
0x000000ec4d6ffa60:   0000000000000000 0000000000000000   ................
0x000000ec4d6ffa70:   0000000000000000 000002077cb5c798   ...........|....
0x000000ec4d6ffa80:   0000000000000000 0000000000000000   ................
0x000000ec4d6ffa90:   000002077cb5c3b0 000002077f3b2c30   ...|....0,;.....

Instructions: (pc=0x00007ff884262578)
0x00007ff884262478:   ff 48 8d 53 fe 48 8b cf e8 9b f3 ff ff e9 d6 fd
0x00007ff884262488:   ff ff 66 0f 1f 44 00 00 48 8b 77 10 8b ae 80 00
0x00007ff884262498:   00 00 8b cd 8b 86 00 01 00 00 2b c8 81 e1 ff ff
0x00007ff8842624a8:   01 00 41 3b ce 0f 86 48 02 00 00 ff cd 81 e5 ff
0x00007ff8842624b8:   ff 01 00 89 ae 80 00 00 00 e8 7a 60 36 00 90 8b
0x00007ff8842624c8:   d5 8b 86 00 01 00 00 8b cd 48 8b 9e 80 01 00 00
0x00007ff8842624d8:   2b c8 81 e1 ff ff 01 00 81 f9 ff ff 01 00 48 8b
0x00007ff8842624e8:   1c eb 41 0f 44 cf 85 c9 75 3d 90 89 6c 24 50 48
0x00007ff8842624f8:   8b 86 00 01 00 00 48 8b c8 48 c1 e9 20 ff c1 89
0x00007ff884262508:   4c 24 54 3b e8 0f 85 d6 01 00 00 48 c1 e1 20 48
0x00007ff884262518:   0b ca f0 48 0f b1 8e 00 01 00 00 0f 85 c0 01 00
0x00007ff884262528:   00 8b 86 00 01 00 00 f6 c3 01 0f 84 de 00 00 00
0x00007ff884262538:   8b 0d fa 7a 8d 00 48 ff cb 48 8b 57 08 44 8b 03
0x00007ff884262548:   49 d3 e0 8b 8a b8 05 00 00 4c 03 05 d8 7a 8d 00
0x00007ff884262558:   48 8b 92 a8 05 00 00 49 8b c0 48 d3 e8 0f b7 14
0x00007ff884262568:   42 0f b7 c2 66 c1 e8 08 84 c0 0f 88 18 ff ff ff
0x00007ff884262578:   4d 8b 08 41 0f b6 c1 24 03 3c 03 75 06 49 83 e1
0x00007ff884262588:   fc eb 0b 48 8b cf e8 8d ed ff ff 4c 8b c8 8b 0d
0x00007ff884262598:   9c 7a 8d 00 49 8b d1 48 2b 15 8a 7a 8d 00 48 d3
0x00007ff8842625a8:   ea 89 13 49 8b d1 8b 0d bc 4f 94 00 48 33 d3 48
0x00007ff8842625b8:   d3 ea 48 85 d2 0f 84 cd fe ff ff 48 8b 47 08 4c
0x00007ff8842625c8:   8b 80 a8 05 00 00 8b 88 b8 05 00 00 48 8b c3 48
0x00007ff8842625d8:   d3 e8 41 0f b7 14 40 66 c1 ea 08 80 fa fe 0f 84
0x00007ff8842625e8:   a4 fe ff ff 49 8b d1 48 d3 ea 41 0f b7 14 50 0f
0x00007ff8842625f8:   b7 c2 66 c1 e8 08 84 c0 0f 89 8a fe ff ff 4c 8b
0x00007ff884262608:   c3 48 8b cf e8 7f d1 ff ff e9 7a fe ff ff f6 c3
0x00007ff884262618:   03 0f 85 b9 00 00 00 48 8b 57 08 4c 8b 03 49 8b
0x00007ff884262628:   c0 8b 8a b8 05 00 00 48 8b 92 a8 05 00 00 48 d3
0x00007ff884262638:   e8 0f b7 14 42 0f b7 c2 66 c1 e8 08 84 c0 0f 88
0x00007ff884262648:   44 fe ff ff 4d 8b 08 41 0f b6 c1 24 03 3c 03 75
0x00007ff884262658:   06 49 83 e1 fc eb 0b 48 8b cf e8 b9 ec ff ff 4c
0x00007ff884262668:   8b c8 49 8b d1 4c 89 0b 8b 0d fa 4e 94 00 48 33


Stack slot to memory mapping:

stack at sp + 0 slots: 0x0 is null
stack at sp + 1 slots: 0x0000000000000001 is an unknown value
stack at sp + 2 slots: 0x0000000000000012 is an unknown value
stack at sp + 3 slots: 0x0000020724360a00 points into unknown readable memory: 0x000000008d800000 | 00 00 80 8d 00 00 00 00
stack at sp + 4 slots: 0x000002077f3b2c30 points into unknown readable memory: 0x0000020700000004 | 04 00 00 00 07 02 00 00
stack at sp + 5 slots: 0x000002072343ebb0 points into unknown readable memory: 0x00007ff88493c0b8 | b8 c0 93 84 f8 7f 00 00
stack at sp + 6 slots: 0x000002072a0b88f0 points into unknown readable memory: 0x000000008d292398 | 98 23 29 8d 00 00 00 00
stack at sp + 7 slots: 0x000002072343ebe8 points into unknown readable memory: 0x00007ff88493c088 | 88 c0 93 84 f8 7f 00 00


---------------  P R O C E S S  ---------------

Threads class SMR info:
_java_thread_list=0x000002072196c6e0, length=86, elements={
0x0000020767fc12a0, 0x000002077cb4b250, 0x000002077cb4e230, 0x000002077cb4fe00,
0x000002077cb50a10, 0x000002077cb51470, 0x000002077cb51ed0, 0x000002077cb52c60,
0x000002077cb54710, 0x000002077f0f5c30, 0x000002077f176870, 0x000002077ef7ff90,
0x000002071fd514b0, 0x000002071f46aac0, 0x000002071f16c0a0, 0x000002071f16c710,
0x000002077f2e7d60, 0x000002077f3470b0, 0x000002077f2c56e0, 0x000002077f2c3ca0,
0x000002077f2c49c0, 0x000002077f2c5d70, 0x000002077f2c4330, 0x000002077f2c28f0,
0x000002077f2c2f80, 0x000002072025f2b0, 0x0000020720259d60, 0x000002072025df00,
0x000002072025e590, 0x000002072025aa80, 0x0000020720261380, 0x000002072025cb50,
0x000002072025ec20, 0x000002072025be30, 0x000002072025b110, 0x000002072025f940,
0x000002072025d870, 0x0000020720260660, 0x00000207233574f0, 0x0000020723354070,
0x0000020723356140, 0x0000020723356e60, 0x0000020723354d90, 0x0000020723355420,
0x0000020720da41d0, 0x0000020720da9720, 0x0000020720da4860, 0x0000020720da3b40,
0x0000020720da7650, 0x0000020723946e60, 0x000002072394a970, 0x000002072394e480,
0x00000207239488a0, 0x00000207239495c0, 0x0000020723948f30, 0x000002072394a2e0,
0x0000020723949c50, 0x000002072394bd20, 0x000002072394c3b0, 0x000002072394ca40,
0x000002072394b000, 0x0000020723947b80, 0x000002072394b690, 0x000002072394ddf0,
0x0000020720da62a0, 0x000002072323e6d0, 0x0000020723239180, 0x000002072323ed60,
0x0000020729efb060, 0x0000020729f012d0, 0x0000020729efc410, 0x0000020729efe4e0,
0x0000020729efb6f0, 0x0000020729efd130, 0x0000020729f00c40, 0x0000020729efeb70,
0x0000020729f01960, 0x000002072323e040, 0x0000020723238af0, 0x0000020723237dd0,
0x000002072323b250, 0x000002072323b8e0, 0x000002072323bf70, 0x0000020722086f10,
0x000002072208c460, 0x000002072a87b730
}

Java Threads: ( => current thread )
  0x0000020767fc12a0 JavaThread "main"                              [_thread_blocked, id=5644, stack(0x000000ec4c400000,0x000000ec4c500000) (1024K)]
  0x000002077cb4b250 JavaThread "Reference Handler"          daemon [_thread_blocked, id=1304, stack(0x000000ec4cc00000,0x000000ec4cd00000) (1024K)]
  0x000002077cb4e230 JavaThread "Finalizer"                  daemon [_thread_blocked, id=5828, stack(0x000000ec4cd00000,0x000000ec4ce00000) (1024K)]
  0x000002077cb4fe00 JavaThread "Signal Dispatcher"          daemon [_thread_blocked, id=12252, stack(0x000000ec4ce00000,0x000000ec4cf00000) (1024K)]
  0x000002077cb50a10 JavaThread "Attach Listener"            daemon [_thread_blocked, id=4372, stack(0x000000ec4cf00000,0x000000ec4d000000) (1024K)]
  0x000002077cb51470 JavaThread "Service Thread"             daemon [_thread_blocked, id=9600, stack(0x000000ec4d000000,0x000000ec4d100000) (1024K)]
  0x000002077cb51ed0 JavaThread "Monitor Deflation Thread"   daemon [_thread_blocked, id=7820, stack(0x000000ec4d100000,0x000000ec4d200000) (1024K)]
  0x000002077cb52c60 JavaThread "C2 CompilerThread0"         daemon [_thread_blocked, id=2468, stack(0x000000ec4d200000,0x000000ec4d300000) (1024K)]
  0x000002077cb54710 JavaThread "C1 CompilerThread0"         daemon [_thread_blocked, id=9828, stack(0x000000ec4d300000,0x000000ec4d400000) (1024K)]
  0x000002077f0f5c30 JavaThread "Common-Cleaner"             daemon [_thread_blocked, id=10404, stack(0x000000ec4d400000,0x000000ec4d500000) (1024K)]
  0x000002077f176870 JavaThread "Notification Thread"        daemon [_thread_blocked, id=7636, stack(0x000000ec4d500000,0x000000ec4d600000) (1024K)]
  0x000002077ef7ff90 JavaThread "Daemon health stats"               [_thread_blocked, id=3396, stack(0x000000ec4d900000,0x000000ec4da00000) (1024K)]
  0x000002071fd514b0 JavaThread "Incoming local TCP Connector on port 51872"        [_thread_in_native, id=6000, stack(0x000000ec4da00000,0x000000ec4db00000) (1024K)]
  0x000002071f46aac0 JavaThread "Daemon periodic checks"            [_thread_blocked, id=3260, stack(0x000000ec4db00000,0x000000ec4dc00000) (1024K)]
  0x000002071f16c0a0 JavaThread "Daemon"                            [_thread_blocked, id=10880, stack(0x000000ec4dc00000,0x000000ec4dd00000) (1024K)]
  0x000002071f16c710 JavaThread "Handler for socket connection from /127.0.0.1:51872 to /127.0.0.1:51873"        [_thread_in_native, id=4844, stack(0x000000ec4dd00000,0x000000ec4de00000) (1024K)]
  0x000002077f2e7d60 JavaThread "Cancel handler"                    [_thread_blocked, id=10888, stack(0x000000ec4de00000,0x000000ec4df00000) (1024K)]
  0x000002077f3470b0 JavaThread "Daemon worker"                     [_thread_blocked, id=5428, stack(0x000000ec4df00000,0x000000ec4e000000) (1024K)]
  0x000002077f2c56e0 JavaThread "Asynchronous log dispatcher for DefaultDaemonConnection: socket connection from /127.0.0.1:51872 to /127.0.0.1:51873"        [_thread_blocked, id=10288, stack(0x000000ec4e000000,0x000000ec4e100000) (1024K)]
  0x000002077f2c3ca0 JavaThread "Daemon client event forwarder"        [_thread_blocked, id=4688, stack(0x000000ec4e200000,0x000000ec4e300000) (1024K)]
  0x000002077f2c49c0 JavaThread "Cache worker for journal cache (C:\Users\PC-001\.gradle\caches\journal-1)"        [_thread_blocked, id=7300, stack(0x000000ec4e300000,0x000000ec4e400000) (1024K)]
  0x000002077f2c5d70 JavaThread "File lock request listener"        [_thread_in_native, id=11668, stack(0x000000ec4e400000,0x000000ec4e500000) (1024K)]
  0x000002077f2c4330 JavaThread "File lock release action executor"        [_thread_blocked, id=9952, stack(0x000000ec4e500000,0x000000ec4e600000) (1024K)]
  0x000002077f2c28f0 JavaThread "Cache worker for file hash cache (C:\Users\PC-001\.gradle\caches\8.6\fileHashes)"        [_thread_blocked, id=4852, stack(0x000000ec4e600000,0x000000ec4e700000) (1024K)]
  0x000002077f2c2f80 JavaThread "File watcher server"        daemon [_thread_in_native, id=11968, stack(0x000000ec4e700000,0x000000ec4e800000) (1024K)]
  0x000002072025f2b0 JavaThread "File watcher consumer"      daemon [_thread_blocked, id=5052, stack(0x000000ec4e800000,0x000000ec4e900000) (1024K)]
  0x0000020720259d60 JavaThread "Cache worker for checksums cache (D:\LionPOSNative\android\.gradle\8.6\checksums)"        [_thread_blocked, id=7560, stack(0x000000ec4e900000,0x000000ec4ea00000) (1024K)]
  0x000002072025df00 JavaThread "Cache worker for file hash cache (D:\LionPOSNative\android\.gradle\8.6\fileHashes)"        [_thread_blocked, id=11608, stack(0x000000ec4ea00000,0x000000ec4eb00000) (1024K)]
  0x000002072025e590 JavaThread "Cache worker for cache directory md-supplier (C:\Users\PC-001\.gradle\caches\8.6\md-supplier)"        [_thread_blocked, id=2416, stack(0x000000ec4eb00000,0x000000ec4ec00000) (1024K)]
  0x000002072025aa80 JavaThread "Cache worker for cache directory md-rule (C:\Users\PC-001\.gradle\caches\8.6\md-rule)"        [_thread_blocked, id=11724, stack(0x000000ec4ec00000,0x000000ec4ed00000) (1024K)]
  0x0000020720261380 JavaThread "Cache worker for file content cache (C:\Users\PC-001\.gradle\caches\8.6\fileContent)"        [_thread_blocked, id=2236, stack(0x000000ec4ed00000,0x000000ec4ee00000) (1024K)]
  0x000002072025cb50 JavaThread "jar transforms"                    [_thread_blocked, id=9608, stack(0x000000ec4ef00000,0x000000ec4f000000) (1024K)]
  0x000002072025ec20 JavaThread "jar transforms Thread 2"           [_thread_blocked, id=11816, stack(0x000000ec4ee00000,0x000000ec4ef00000) (1024K)]
  0x000002072025be30 JavaThread "jar transforms Thread 3"           [_thread_blocked, id=9680, stack(0x000000ec4f000000,0x000000ec4f100000) (1024K)]
  0x000002072025b110 JavaThread "jar transforms Thread 4"           [_thread_blocked, id=4408, stack(0x000000ec4f100000,0x000000ec4f200000) (1024K)]
  0x000002072025f940 JavaThread "Exec process"                      [_thread_blocked, id=6988, stack(0x000000ec4f200000,0x000000ec4f300000) (1024K)]
  0x000002072025d870 JavaThread "Exec process Thread 2"             [_thread_blocked, id=2976, stack(0x000000ec4f300000,0x000000ec4f400000) (1024K)]
  0x0000020720260660 JavaThread "Exec process Thread 3"             [_thread_blocked, id=4400, stack(0x000000ec4f400000,0x000000ec4f500000) (1024K)]
  0x00000207233574f0 JavaThread "Unconstrained build operations"        [_thread_blocked, id=9432, stack(0x000000ec4f500000,0x000000ec4f600000) (1024K)]
  0x0000020723354070 JavaThread "Unconstrained build operations Thread 2"        [_thread_blocked, id=11488, stack(0x000000ec4f600000,0x000000ec4f700000) (1024K)]
  0x0000020723356140 JavaThread "Cache worker for Build Output Cleanup Cache (D:\LionPOSNative\node_modules\@react-native\gradle-plugin\.gradle\buildOutputCleanup)"        [_thread_blocked, id=8904, stack(0x000000ec4f700000,0x000000ec4f800000) (1024K)]
  0x0000020723356e60 JavaThread "Unconstrained build operations Thread 3"        [_thread_blocked, id=9616, stack(0x000000ec4f900000,0x000000ec4fa00000) (1024K)]
  0x0000020723354d90 JavaThread "Unconstrained build operations Thread 4"        [_thread_blocked, id=11092, stack(0x000000ec4fa00000,0x000000ec4fb00000) (1024K)]
  0x0000020723355420 JavaThread "Unconstrained build operations Thread 5"        [_thread_blocked, id=9740, stack(0x000000ec4fb00000,0x000000ec4fc00000) (1024K)]
  0x0000020720da41d0 JavaThread "build event listener"              [_thread_blocked, id=4716, stack(0x000000ec4f800000,0x000000ec4f900000) (1024K)]
  0x0000020720da9720 JavaThread "Memory manager"                    [_thread_blocked, id=776, stack(0x000000ec4c300000,0x000000ec4c400000) (1024K)]
  0x0000020720da4860 JavaThread "Cache worker for Build Output Cleanup Cache (D:\LionPOSNative\android\.gradle\buildOutputCleanup)"        [_thread_blocked, id=11876, stack(0x000000ec4c200000,0x000000ec4c300000) (1024K)]
  0x0000020720da3b40 JavaThread "ForkJoinPool.commonPool-worker-1" daemon [_thread_blocked, id=11764, stack(0x000000ec4fd00000,0x000000ec4fe00000) (1024K)]
  0x0000020720da7650 JavaThread "ForkJoinPool.commonPool-worker-2" daemon [_thread_blocked, id=10552, stack(0x000000ec4fe00000,0x000000ec4ff00000) (1024K)]
  0x0000020723946e60 JavaThread "Execution worker"                  [_thread_blocked, id=2644, stack(0x000000ec50000000,0x000000ec50100000) (1024K)]
  0x000002072394a970 JavaThread "Execution worker Thread 2"         [_thread_blocked, id=11640, stack(0x000000ec50100000,0x000000ec50200000) (1024K)]
  0x000002072394e480 JavaThread "Execution worker Thread 3"         [_thread_blocked, id=8596, stack(0x000000ec50200000,0x000000ec50300000) (1024K)]
  0x00000207239488a0 JavaThread "Cache worker for execution history cache (D:\LionPOSNative\node_modules\@react-native\gradle-plugin\.gradle\8.6\executionHistory)"        [_thread_blocked, id=8244, stack(0x000000ec50300000,0x000000ec50400000) (1024K)]
  0x00000207239495c0 JavaThread "Unconstrained build operations Thread 6"        [_thread_blocked, id=6276, stack(0x000000ec50400000,0x000000ec50500000) (1024K)]
  0x0000020723948f30 JavaThread "Unconstrained build operations Thread 7"        [_thread_blocked, id=7468, stack(0x000000ec50500000,0x000000ec50600000) (1024K)]
  0x000002072394a2e0 JavaThread "Unconstrained build operations Thread 8"        [_thread_blocked, id=9612, stack(0x000000ec50600000,0x000000ec50700000) (1024K)]
  0x0000020723949c50 JavaThread "Unconstrained build operations Thread 9"        [_thread_blocked, id=10944, stack(0x000000ec50700000,0x000000ec50800000) (1024K)]
  0x000002072394bd20 JavaThread "Unconstrained build operations Thread 10"        [_thread_blocked, id=6792, stack(0x000000ec50800000,0x000000ec50900000) (1024K)]
  0x000002072394c3b0 JavaThread "Unconstrained build operations Thread 11"        [_thread_blocked, id=1488, stack(0x000000ec50900000,0x000000ec50a00000) (1024K)]
  0x000002072394ca40 JavaThread "Unconstrained build operations Thread 12"        [_thread_blocked, id=3144, stack(0x000000ec50a00000,0x000000ec50b00000) (1024K)]
  0x000002072394b000 JavaThread "Unconstrained build operations Thread 13"        [_thread_blocked, id=32, stack(0x000000ec50b00000,0x000000ec50c00000) (1024K)]
  0x0000020723947b80 JavaThread "Unconstrained build operations Thread 14"        [_thread_blocked, id=10704, stack(0x000000ec50c00000,0x000000ec50d00000) (1024K)]
  0x000002072394b690 JavaThread "Unconstrained build operations Thread 15"        [_thread_blocked, id=9852, stack(0x000000ec50d00000,0x000000ec50e00000) (1024K)]
  0x000002072394ddf0 JavaThread "Unconstrained build operations Thread 16"        [_thread_blocked, id=7764, stack(0x000000ec50e00000,0x000000ec50f00000) (1024K)]
  0x0000020720da62a0 JavaThread "build event listener"              [_thread_blocked, id=11560, stack(0x000000ec50f00000,0x000000ec51000000) (1024K)]
  0x000002072323e6d0 JavaThread "Unconstrained build operations Thread 17"        [_thread_blocked, id=1864, stack(0x000000ec51200000,0x000000ec51300000) (1024K)]
  0x0000020723239180 JavaThread "Unconstrained build operations Thread 18"        [_thread_blocked, id=6264, stack(0x000000ec51300000,0x000000ec51400000) (1024K)]
  0x000002072323ed60 JavaThread "Unconstrained build operations Thread 19"        [_thread_blocked, id=1116, stack(0x000000ec51400000,0x000000ec51500000) (1024K)]
  0x0000020729efb060 JavaThread "Unconstrained build operations Thread 20"        [_thread_blocked, id=9088, stack(0x000000ec51500000,0x000000ec51600000) (1024K)]
  0x0000020729f012d0 JavaThread "Unconstrained build operations Thread 21"        [_thread_blocked, id=6024, stack(0x000000ec51600000,0x000000ec51700000) (1024K)]
  0x0000020729efc410 JavaThread "Unconstrained build operations Thread 22"        [_thread_blocked, id=4968, stack(0x000000ec51700000,0x000000ec51800000) (1024K)]
  0x0000020729efe4e0 JavaThread "Unconstrained build operations Thread 23"        [_thread_blocked, id=10496, stack(0x000000ec51800000,0x000000ec51900000) (1024K)]
  0x0000020729efb6f0 JavaThread "Unconstrained build operations Thread 24"        [_thread_blocked, id=7204, stack(0x000000ec51900000,0x000000ec51a00000) (1024K)]
  0x0000020729efd130 JavaThread "Unconstrained build operations Thread 25"        [_thread_blocked, id=6496, stack(0x000000ec51a00000,0x000000ec51b00000) (1024K)]
  0x0000020729f00c40 JavaThread "Unconstrained build operations Thread 26"        [_thread_blocked, id=11884, stack(0x000000ec4fc00000,0x000000ec4fd00000) (1024K)]
  0x0000020729efeb70 JavaThread "Unconstrained build operations Thread 27"        [_thread_blocked, id=1372, stack(0x000000ec51b00000,0x000000ec51c00000) (1024K)]
  0x0000020729f01960 JavaThread "Unconstrained build operations Thread 28"        [_thread_blocked, id=5636, stack(0x000000ec51c00000,0x000000ec51d00000) (1024K)]
  0x000002072323e040 JavaThread "Unconstrained build operations Thread 29"        [_thread_blocked, id=11700, stack(0x000000ec51d00000,0x000000ec51e00000) (1024K)]
  0x0000020723238af0 JavaThread "Unconstrained build operations Thread 30"        [_thread_blocked, id=7904, stack(0x000000ec51e00000,0x000000ec51f00000) (1024K)]
  0x0000020723237dd0 JavaThread "Unconstrained build operations Thread 31"        [_thread_blocked, id=10816, stack(0x000000ec51f00000,0x000000ec52000000) (1024K)]
  0x000002072323b250 JavaThread "Unconstrained build operations Thread 32"        [_thread_blocked, id=6912, stack(0x000000ec52000000,0x000000ec52100000) (1024K)]
  0x000002072323b8e0 JavaThread "Unconstrained build operations Thread 33"        [_thread_blocked, id=6084, stack(0x000000ec52100000,0x000000ec52200000) (1024K)]
  0x000002072323bf70 JavaThread "Unconstrained build operations Thread 34"        [_thread_blocked, id=2872, stack(0x000000ec52200000,0x000000ec52300000) (1024K)]
  0x0000020722086f10 JavaThread "Unconstrained build operations Thread 35"        [_thread_blocked, id=1264, stack(0x000000ec4ff00000,0x000000ec50000000) (1024K)]
  0x000002072208c460 JavaThread "Unconstrained build operations Thread 36"        [_thread_blocked, id=6108, stack(0x000000ec52300000,0x000000ec52400000) (1024K)]
  0x000002072a87b730 JavaThread "Unconstrained build operations Thread 37"        [_thread_blocked, id=7908, stack(0x000000ec52400000,0x000000ec52500000) (1024K)]
Total: 86

Other Threads:
  0x000002077cb35440 VMThread "VM Thread"                           [id=9108, stack(0x000000ec4cb00000,0x000000ec4cc00000) (1024K)]
  0x000002077cb27640 WatcherThread "VM Periodic Task Thread"        [id=256, stack(0x000000ec4ca00000,0x000000ec4cb00000) (1024K)]
  0x00000207680184e0 WorkerThread "GC Thread#0"                     [id=2156, stack(0x000000ec4c500000,0x000000ec4c600000) (1024K)]
=>0x000002077f238240 WorkerThread "GC Thread#1"                     [id=11028, stack(0x000000ec4d600000,0x000000ec4d700000) (1024K)]
  0x000002077f2385f0 WorkerThread "GC Thread#2"                     [id=12016, stack(0x000000ec4d700000,0x000000ec4d800000) (1024K)]
  0x000002077efecf00 WorkerThread "GC Thread#3"                     [id=11648, stack(0x000000ec4d800000,0x000000ec4d900000) (1024K)]
  0x000002076801d3c0 ConcurrentGCThread "G1 Main Marker"            [id=3140, stack(0x000000ec4c600000,0x000000ec4c700000) (1024K)]
  0x000002076801e030 WorkerThread "G1 Conc#0"                       [id=8860, stack(0x000000ec4c700000,0x000000ec4c800000) (1024K)]
  0x000002077c9f0ec0 ConcurrentGCThread "G1 Refine#0"               [id=12024, stack(0x000000ec4c800000,0x000000ec4c900000) (1024K)]
  0x000002077c9f1950 ConcurrentGCThread "G1 Service"                [id=9376, stack(0x000000ec4c900000,0x000000ec4ca00000) (1024K)]
Total: 10

Threads with active compile tasks:
Total: 0

VM state: at safepoint (normal execution)

VM Mutex/Monitor currently owned by a thread:  ([mutex/lock_event])
[0x00007ff884bbf5b0] Threads_lock - owner thread: 0x000002077cb35440
[0x00007ff884bbf6b0] Heap_lock - owner thread: 0x000002077f3470b0

Heap address: 0x0000000080000000, size: 2048 MB, Compressed Oops mode: 32-bit

CDS archive(s) mapped at: [0x0000020700000000-0x0000020700ba0000-0x0000020700ba0000), size 12189696, SharedBaseAddress: 0x0000020700000000, ArchiveRelocationMode: 1.
Compressed class space mapped at: 0x0000020701000000-0x000002071b000000, reserved size: 436207616
Narrow klass base: 0x0000020700000000, Narrow klass shift: 0, Narrow klass range: 0x100000000

GC Precious Log:
 CardTable entry size: 512
 Card Set container configuration: InlinePtr #cards 5 size 8 Array Of Cards #cards 12 size 40 Howl #buckets 4 coarsen threshold 1843 Howl Bitmap #cards 512 size 80 coarsen threshold 460 Card regions per heap region 1 cards per card region 2048
 CPUs: 4 total, 4 available
 Memory: 8003M
 Large Page Support: Disabled
 NUMA Support: Disabled
 Compressed Oops: Enabled (32-bit)
 Heap Region Size: 1M
 Heap Min Capacity: 8M
 Heap Initial Capacity: 126M
 Heap Max Capacity: 2G
 Pre-touch: Disabled
 Parallel Workers: 4
 Concurrent Workers: 1
 Concurrent Refinement Workers: 4
 Periodic GC: Disabled

Heap:
 garbage-first heap   total 273408K, used 215376K [0x0000000080000000, 0x0000000100000000)
  region size 1024K, 56 young (57344K), 7 survivors (7168K)
 Metaspace       used 104923K, committed 107520K, reserved 557056K
  class space    used 14864K, committed 16128K, reserved 425984K

Heap Regions: E=young(eden), S=young(survivor), O=old, HS=humongous(starts), HC=humongous(continues), CS=collection set, F=free, TAMS=top-at-mark-start, PB=parsable bottom
|   0|0x0000000080000000, 0x0000000080100000, 0x0000000080100000|100%| O|  |TAMS 0x0000000080000000| PB 0x0000000080000000| Untracked 
|   1|0x0000000080100000, 0x0000000080200000, 0x0000000080200000|100%|HS|  |TAMS 0x0000000080100000| PB 0x0000000080100000| Complete 
|   2|0x0000000080200000, 0x0000000080300000, 0x0000000080300000|100%|HC|  |TAMS 0x0000000080200000| PB 0x0000000080200000| Complete 
|   3|0x0000000080300000, 0x0000000080400000, 0x0000000080400000|100%|HC|  |TAMS 0x0000000080300000| PB 0x0000000080300000| Complete 
|   4|0x0000000080400000, 0x0000000080500000, 0x0000000080500000|100%|HC|  |TAMS 0x0000000080400000| PB 0x0000000080400000| Complete 
|   5|0x0000000080500000, 0x0000000080600000, 0x0000000080600000|100%| O|  |TAMS 0x0000000080500000| PB 0x0000000080500000| Untracked 
|   6|0x0000000080600000, 0x0000000080700000, 0x0000000080700000|100%| O|  |TAMS 0x0000000080600000| PB 0x0000000080600000| Untracked 
|   7|0x0000000080700000, 0x0000000080800000, 0x0000000080800000|100%| O|  |TAMS 0x0000000080700000| PB 0x0000000080700000| Untracked 
|   8|0x0000000080800000, 0x0000000080900000, 0x0000000080900000|100%| O|  |TAMS 0x0000000080800000| PB 0x0000000080800000| Untracked 
|   9|0x0000000080900000, 0x0000000080a00000, 0x0000000080a00000|100%| O|  |TAMS 0x0000000080900000| PB 0x0000000080900000| Untracked 
|  10|0x0000000080a00000, 0x0000000080b00000, 0x0000000080b00000|100%| O|  |TAMS 0x0000000080a00000| PB 0x0000000080a00000| Untracked 
|  11|0x0000000080b00000, 0x0000000080c00000, 0x0000000080c00000|100%| O|  |TAMS 0x0000000080b00000| PB 0x0000000080b00000| Untracked 
|  12|0x0000000080c00000, 0x0000000080d00000, 0x0000000080d00000|100%| O|  |TAMS 0x0000000080c00000| PB 0x0000000080c00000| Untracked 
|  13|0x0000000080d00000, 0x0000000080e00000, 0x0000000080e00000|100%| O|  |TAMS 0x0000000080d00000| PB 0x0000000080d00000| Untracked 
|  14|0x0000000080e00000, 0x0000000080f00000, 0x0000000080f00000|100%| O|  |TAMS 0x0000000080e00000| PB 0x0000000080e00000| Untracked 
|  15|0x0000000080f00000, 0x0000000081000000, 0x0000000081000000|100%| O|  |TAMS 0x0000000080f00000| PB 0x0000000080f00000| Untracked 
|  16|0x0000000081000000, 0x0000000081100000, 0x0000000081100000|100%| O|  |TAMS 0x0000000081000000| PB 0x0000000081000000| Untracked 
|  17|0x0000000081100000, 0x0000000081200000, 0x0000000081200000|100%| O|  |TAMS 0x0000000081100000| PB 0x0000000081100000| Untracked 
|  18|0x0000000081200000, 0x0000000081300000, 0x0000000081300000|100%| O|  |TAMS 0x0000000081200000| PB 0x0000000081200000| Untracked 
|  19|0x0000000081300000, 0x0000000081400000, 0x0000000081400000|100%| O|  |TAMS 0x0000000081300000| PB 0x0000000081300000| Untracked 
|  20|0x0000000081400000, 0x0000000081500000, 0x0000000081500000|100%| O|  |TAMS 0x0000000081400000| PB 0x0000000081400000| Untracked 
|  21|0x0000000081500000, 0x0000000081600000, 0x0000000081600000|100%| O|  |TAMS 0x0000000081500000| PB 0x0000000081500000| Untracked 
|  22|0x0000000081600000, 0x0000000081700000, 0x0000000081700000|100%| O|  |TAMS 0x0000000081600000| PB 0x0000000081600000| Untracked 
|  23|0x0000000081700000, 0x0000000081800000, 0x0000000081800000|100%| O|  |TAMS 0x0000000081700000| PB 0x0000000081700000| Untracked 
|  24|0x0000000081800000, 0x0000000081900000, 0x0000000081900000|100%| O|  |TAMS 0x0000000081800000| PB 0x0000000081800000| Untracked 
|  25|0x0000000081900000, 0x0000000081a00000, 0x0000000081a00000|100%| O|  |TAMS 0x0000000081900000| PB 0x0000000081900000| Untracked 
|  26|0x0000000081a00000, 0x0000000081b00000, 0x0000000081b00000|100%| O|  |TAMS 0x0000000081a00000| PB 0x0000000081a00000| Untracked 
|  27|0x0000000081b00000, 0x0000000081c00000, 0x0000000081c00000|100%| O|  |TAMS 0x0000000081b00000| PB 0x0000000081b00000| Untracked 
|  28|0x0000000081c00000, 0x0000000081d00000, 0x0000000081d00000|100%| O|  |TAMS 0x0000000081c00000| PB 0x0000000081c00000| Untracked 
|  29|0x0000000081d00000, 0x0000000081e00000, 0x0000000081e00000|100%| O|  |TAMS 0x0000000081d00000| PB 0x0000000081d00000| Untracked 
|  30|0x0000000081e00000, 0x0000000081f00000, 0x0000000081f00000|100%| O|  |TAMS 0x0000000081e00000| PB 0x0000000081e00000| Untracked 
|  31|0x0000000081f00000, 0x0000000082000000, 0x0000000082000000|100%| O|  |TAMS 0x0000000081f00000| PB 0x0000000081f00000| Untracked 
|  32|0x0000000082000000, 0x0000000082100000, 0x0000000082100000|100%| O|  |TAMS 0x0000000082000000| PB 0x0000000082000000| Untracked 
|  33|0x0000000082100000, 0x0000000082200000, 0x0000000082200000|100%| O|  |TAMS 0x0000000082100000| PB 0x0000000082100000| Untracked 
|  34|0x0000000082200000, 0x0000000082300000, 0x0000000082300000|100%| O|  |TAMS 0x0000000082200000| PB 0x0000000082200000| Untracked 
|  35|0x0000000082300000, 0x0000000082400000, 0x0000000082400000|100%| O|  |TAMS 0x0000000082300000| PB 0x0000000082300000| Untracked 
|  36|0x0000000082400000, 0x0000000082500000, 0x0000000082500000|100%| O|  |TAMS 0x0000000082400000| PB 0x0000000082400000| Untracked 
|  37|0x0000000082500000, 0x0000000082600000, 0x0000000082600000|100%| O|  |TAMS 0x0000000082500000| PB 0x0000000082500000| Untracked 
|  38|0x0000000082600000, 0x0000000082700000, 0x0000000082700000|100%| O|  |TAMS 0x0000000082600000| PB 0x0000000082600000| Untracked 
|  39|0x0000000082700000, 0x0000000082800000, 0x0000000082800000|100%| O|  |TAMS 0x0000000082700000| PB 0x0000000082700000| Untracked 
|  40|0x0000000082800000, 0x0000000082900000, 0x0000000082900000|100%| O|  |TAMS 0x0000000082800000| PB 0x0000000082800000| Untracked 
|  41|0x0000000082900000, 0x0000000082a00000, 0x0000000082a00000|100%| O|  |TAMS 0x0000000082900000| PB 0x0000000082900000| Untracked 
|  42|0x0000000082a00000, 0x0000000082b00000, 0x0000000082b00000|100%| O|  |TAMS 0x0000000082a00000| PB 0x0000000082a00000| Untracked 
|  43|0x0000000082b00000, 0x0000000082c00000, 0x0000000082c00000|100%|HS|  |TAMS 0x0000000082b00000| PB 0x0000000082b00000| Complete 
|  44|0x0000000082c00000, 0x0000000082d00000, 0x0000000082d00000|100%|HC|  |TAMS 0x0000000082c00000| PB 0x0000000082c00000| Complete 
|  45|0x0000000082d00000, 0x0000000082e00000, 0x0000000082e00000|100%| O|  |TAMS 0x0000000082d00000| PB 0x0000000082d00000| Untracked 
|  46|0x0000000082e00000, 0x0000000082f00000, 0x0000000082f00000|100%|HS|  |TAMS 0x0000000082e00000| PB 0x0000000082e00000| Complete 
|  47|0x0000000082f00000, 0x0000000083000000, 0x0000000083000000|100%|HC|  |TAMS 0x0000000082f00000| PB 0x0000000082f00000| Complete 
|  48|0x0000000083000000, 0x0000000083100000, 0x0000000083100000|100%| O|  |TAMS 0x0000000083000000| PB 0x0000000083000000| Untracked 
|  49|0x0000000083100000, 0x0000000083200000, 0x0000000083200000|100%|HS|  |TAMS 0x0000000083100000| PB 0x0000000083100000| Complete 
|  50|0x0000000083200000, 0x0000000083300000, 0x0000000083300000|100%|HC|  |TAMS 0x0000000083200000| PB 0x0000000083200000| Complete 
|  51|0x0000000083300000, 0x0000000083400000, 0x0000000083400000|100%|HC|  |TAMS 0x0000000083300000| PB 0x0000000083300000| Complete 
|  52|0x0000000083400000, 0x0000000083500000, 0x0000000083500000|100%|HC|  |TAMS 0x0000000083400000| PB 0x0000000083400000| Complete 
|  53|0x0000000083500000, 0x0000000083600000, 0x0000000083600000|100%|HS|  |TAMS 0x0000000083500000| PB 0x0000000083500000| Complete 
|  54|0x0000000083600000, 0x0000000083700000, 0x0000000083700000|100%|HC|  |TAMS 0x0000000083600000| PB 0x0000000083600000| Complete 
|  55|0x0000000083700000, 0x0000000083800000, 0x0000000083800000|100%|HC|  |TAMS 0x0000000083700000| PB 0x0000000083700000| Complete 
|  56|0x0000000083800000, 0x0000000083900000, 0x0000000083900000|100%|HC|  |TAMS 0x0000000083800000| PB 0x0000000083800000| Complete 
|  57|0x0000000083900000, 0x0000000083a00000, 0x0000000083a00000|100%| O|  |TAMS 0x0000000083900000| PB 0x0000000083900000| Untracked 
|  58|0x0000000083a00000, 0x0000000083b00000, 0x0000000083b00000|100%| O|  |TAMS 0x0000000083a00000| PB 0x0000000083a00000| Untracked 
|  59|0x0000000083b00000, 0x0000000083c00000, 0x0000000083c00000|100%| O|  |TAMS 0x0000000083b00000| PB 0x0000000083b00000| Untracked 
|  60|0x0000000083c00000, 0x0000000083d00000, 0x0000000083d00000|100%| O|  |TAMS 0x0000000083c00000| PB 0x0000000083c00000| Untracked 
|  61|0x0000000083d00000, 0x0000000083e00000, 0x0000000083e00000|100%| O|  |TAMS 0x0000000083d00000| PB 0x0000000083d00000| Untracked 
|  62|0x0000000083e00000, 0x0000000083f00000, 0x0000000083f00000|100%| O|  |TAMS 0x0000000083e00000| PB 0x0000000083e00000| Untracked 
|  63|0x0000000083f00000, 0x0000000084000000, 0x0000000084000000|100%|HS|  |TAMS 0x0000000083f00000| PB 0x0000000083f00000| Complete 
|  64|0x0000000084000000, 0x0000000084100000, 0x0000000084100000|100%|HS|  |TAMS 0x0000000084000000| PB 0x0000000084000000| Complete 
|  65|0x0000000084100000, 0x0000000084200000, 0x0000000084200000|100%|HS|  |TAMS 0x0000000084100000| PB 0x0000000084100000| Complete 
|  66|0x0000000084200000, 0x0000000084300000, 0x0000000084300000|100%| O|  |TAMS 0x0000000084200000| PB 0x0000000084200000| Untracked 
|  67|0x0000000084300000, 0x0000000084400000, 0x0000000084400000|100%| O|  |TAMS 0x0000000084300000| PB 0x0000000084300000| Untracked 
|  68|0x0000000084400000, 0x0000000084500000, 0x0000000084500000|100%| O|  |TAMS 0x0000000084400000| PB 0x0000000084400000| Untracked 
|  69|0x0000000084500000, 0x0000000084600000, 0x0000000084600000|100%| O|  |TAMS 0x0000000084500000| PB 0x0000000084500000| Untracked 
|  70|0x0000000084600000, 0x0000000084700000, 0x0000000084700000|100%| O|  |TAMS 0x0000000084600000| PB 0x0000000084600000| Untracked 
|  71|0x0000000084700000, 0x0000000084800000, 0x0000000084800000|100%| O|  |TAMS 0x0000000084700000| PB 0x0000000084700000| Untracked 
|  72|0x0000000084800000, 0x0000000084900000, 0x0000000084900000|100%|HS|  |TAMS 0x0000000084800000| PB 0x0000000084800000| Complete 
|  73|0x0000000084900000, 0x0000000084a00000, 0x0000000084a00000|100%|HS|  |TAMS 0x0000000084900000| PB 0x0000000084900000| Complete 
|  74|0x0000000084a00000, 0x0000000084b00000, 0x0000000084b00000|100%| O|  |TAMS 0x0000000084a00000| PB 0x0000000084a00000| Untracked 
|  75|0x0000000084b00000, 0x0000000084c00000, 0x0000000084c00000|100%| O|  |TAMS 0x0000000084b00000| PB 0x0000000084b00000| Untracked 
|  76|0x0000000084c00000, 0x0000000084d00000, 0x0000000084d00000|100%| O|  |TAMS 0x0000000084c00000| PB 0x0000000084c00000| Untracked 
|  77|0x0000000084d00000, 0x0000000084e00000, 0x0000000084e00000|100%| O|  |TAMS 0x0000000084d00000| PB 0x0000000084d00000| Untracked 
|  78|0x0000000084e00000, 0x0000000084f00000, 0x0000000084f00000|100%| O|  |TAMS 0x0000000084e00000| PB 0x0000000084e00000| Untracked 
|  79|0x0000000084f00000, 0x0000000085000000, 0x0000000085000000|100%| O|  |TAMS 0x0000000084f00000| PB 0x0000000084f00000| Untracked 
|  80|0x0000000085000000, 0x0000000085100000, 0x0000000085100000|100%| O|  |TAMS 0x0000000085000000| PB 0x0000000085000000| Untracked 
|  81|0x0000000085100000, 0x0000000085200000, 0x0000000085200000|100%| O|  |TAMS 0x0000000085100000| PB 0x0000000085100000| Untracked 
|  82|0x0000000085200000, 0x0000000085300000, 0x0000000085300000|100%| O|  |TAMS 0x0000000085200000| PB 0x0000000085200000| Untracked 
|  83|0x0000000085300000, 0x0000000085400000, 0x0000000085400000|100%| O|  |TAMS 0x0000000085300000| PB 0x0000000085300000| Untracked 
|  84|0x0000000085400000, 0x0000000085500000, 0x0000000085500000|100%| O|  |TAMS 0x0000000085400000| PB 0x0000000085400000| Untracked 
|  85|0x0000000085500000, 0x0000000085600000, 0x0000000085600000|100%| O|  |TAMS 0x0000000085500000| PB 0x0000000085500000| Untracked 
|  86|0x0000000085600000, 0x0000000085700000, 0x0000000085700000|100%| O|  |TAMS 0x0000000085600000| PB 0x0000000085600000| Untracked 
|  87|0x0000000085700000, 0x0000000085800000, 0x0000000085800000|100%| O|  |TAMS 0x0000000085700000| PB 0x0000000085700000| Untracked 
|  88|0x0000000085800000, 0x0000000085900000, 0x0000000085900000|100%| O|  |TAMS 0x0000000085800000| PB 0x0000000085800000| Untracked 
|  89|0x0000000085900000, 0x0000000085a00000, 0x0000000085a00000|100%| O|  |TAMS 0x0000000085900000| PB 0x0000000085900000| Untracked 
|  90|0x0000000085a00000, 0x0000000085b00000, 0x0000000085b00000|100%| O|  |TAMS 0x0000000085a00000| PB 0x0000000085a00000| Untracked 
|  91|0x0000000085b00000, 0x0000000085c00000, 0x0000000085c00000|100%| O|  |TAMS 0x0000000085b00000| PB 0x0000000085b00000| Untracked 
|  92|0x0000000085c00000, 0x0000000085d00000, 0x0000000085d00000|100%| O|  |TAMS 0x0000000085c00000| PB 0x0000000085c00000| Untracked 
|  93|0x0000000085d00000, 0x0000000085e00000, 0x0000000085e00000|100%| O|  |TAMS 0x0000000085d00000| PB 0x0000000085d00000| Untracked 
|  94|0x0000000085e00000, 0x0000000085f00000, 0x0000000085f00000|100%| O|  |TAMS 0x0000000085e00000| PB 0x0000000085e00000| Untracked 
|  95|0x0000000085f00000, 0x0000000086000000, 0x0000000086000000|100%| O|  |TAMS 0x0000000085f00000| PB 0x0000000085f00000| Untracked 
|  96|0x0000000086000000, 0x0000000086100000, 0x0000000086100000|100%| O|  |TAMS 0x0000000086000000| PB 0x0000000086000000| Untracked 
|  97|0x0000000086100000, 0x0000000086200000, 0x0000000086200000|100%|HS|  |TAMS 0x0000000086100000| PB 0x0000000086100000| Complete 
|  98|0x0000000086200000, 0x0000000086300000, 0x0000000086300000|100%|HS|  |TAMS 0x0000000086200000| PB 0x0000000086200000| Complete 
|  99|0x0000000086300000, 0x0000000086400000, 0x0000000086400000|100%| O|  |TAMS 0x0000000086300000| PB 0x0000000086300000| Untracked 
| 100|0x0000000086400000, 0x0000000086500000, 0x0000000086500000|100%| O|  |TAMS 0x0000000086400000| PB 0x0000000086400000| Untracked 
| 101|0x0000000086500000, 0x0000000086600000, 0x0000000086600000|100%| O|  |TAMS 0x0000000086500000| PB 0x0000000086500000| Untracked 
| 102|0x0000000086600000, 0x0000000086700000, 0x0000000086700000|100%| O|  |TAMS 0x0000000086600000| PB 0x0000000086600000| Untracked 
| 103|0x0000000086700000, 0x0000000086800000, 0x0000000086800000|100%| O|  |TAMS 0x0000000086700000| PB 0x0000000086700000| Untracked 
| 104|0x0000000086800000, 0x0000000086900000, 0x0000000086900000|100%| O|  |TAMS 0x0000000086800000| PB 0x0000000086800000| Untracked 
| 105|0x0000000086900000, 0x0000000086a00000, 0x0000000086a00000|100%| O|  |TAMS 0x0000000086900000| PB 0x0000000086900000| Untracked 
| 106|0x0000000086a00000, 0x0000000086b00000, 0x0000000086b00000|100%|HS|  |TAMS 0x0000000086a00000| PB 0x0000000086a00000| Complete 
| 107|0x0000000086b00000, 0x0000000086c00000, 0x0000000086c00000|100%|HC|  |TAMS 0x0000000086b00000| PB 0x0000000086b00000| Complete 
| 108|0x0000000086c00000, 0x0000000086d00000, 0x0000000086d00000|100%| O|  |TAMS 0x0000000086c00000| PB 0x0000000086c00000| Untracked 
| 109|0x0000000086d00000, 0x0000000086e00000, 0x0000000086e00000|100%| O|  |TAMS 0x0000000086d00000| PB 0x0000000086d00000| Untracked 
| 110|0x0000000086e00000, 0x0000000086f00000, 0x0000000086f00000|100%| O|  |TAMS 0x0000000086e00000| PB 0x0000000086e00000| Untracked 
| 111|0x0000000086f00000, 0x0000000087000000, 0x0000000087000000|100%| O|  |TAMS 0x0000000086f00000| PB 0x0000000086f00000| Untracked 
| 112|0x0000000087000000, 0x0000000087100000, 0x0000000087100000|100%| O|  |TAMS 0x0000000087000000| PB 0x0000000087000000| Untracked 
| 113|0x0000000087100000, 0x0000000087200000, 0x0000000087200000|100%| O|  |TAMS 0x0000000087100000| PB 0x0000000087100000| Untracked 
| 114|0x0000000087200000, 0x0000000087300000, 0x0000000087300000|100%| O|  |TAMS 0x0000000087200000| PB 0x0000000087200000| Untracked 
| 115|0x0000000087300000, 0x0000000087400000, 0x0000000087400000|100%| O|  |TAMS 0x0000000087300000| PB 0x0000000087300000| Untracked 
| 116|0x0000000087400000, 0x0000000087500000, 0x0000000087500000|100%|HS|  |TAMS 0x0000000087400000| PB 0x0000000087400000| Complete 
| 117|0x0000000087500000, 0x0000000087600000, 0x0000000087600000|100%|HS|  |TAMS 0x0000000087500000| PB 0x0000000087500000| Complete 
| 118|0x0000000087600000, 0x0000000087700000, 0x0000000087700000|100%| O|  |TAMS 0x0000000087600000| PB 0x0000000087600000| Untracked 
| 119|0x0000000087700000, 0x0000000087800000, 0x0000000087800000|100%| O|  |TAMS 0x0000000087700000| PB 0x0000000087700000| Untracked 
| 120|0x0000000087800000, 0x0000000087900000, 0x0000000087900000|100%| O|  |TAMS 0x0000000087800000| PB 0x0000000087800000| Untracked 
| 121|0x0000000087900000, 0x0000000087a00000, 0x0000000087a00000|100%| O|  |TAMS 0x0000000087900000| PB 0x0000000087900000| Untracked 
| 122|0x0000000087a00000, 0x0000000087b00000, 0x0000000087b00000|100%| O|  |TAMS 0x0000000087a00000| PB 0x0000000087a00000| Untracked 
| 123|0x0000000087b00000, 0x0000000087c00000, 0x0000000087c00000|100%| O|  |TAMS 0x0000000087b00000| PB 0x0000000087b00000| Untracked 
| 124|0x0000000087c00000, 0x0000000087d00000, 0x0000000087d00000|100%| O|  |TAMS 0x0000000087c00000| PB 0x0000000087c00000| Untracked 
| 125|0x0000000087d00000, 0x0000000087e00000, 0x0000000087e00000|100%| O|  |TAMS 0x0000000087d00000| PB 0x0000000087d00000| Untracked 
| 126|0x0000000087e00000, 0x0000000087f00000, 0x0000000087f00000|100%| O|  |TAMS 0x0000000087e00000| PB 0x0000000087e00000| Untracked 
| 127|0x0000000087f00000, 0x0000000088000000, 0x0000000088000000|100%| O|  |TAMS 0x0000000087f00000| PB 0x0000000087f00000| Untracked 
| 128|0x0000000088000000, 0x0000000088100000, 0x0000000088100000|100%| O|  |TAMS 0x0000000088000000| PB 0x0000000088000000| Untracked 
| 129|0x0000000088100000, 0x0000000088200000, 0x0000000088200000|100%| O|Cm|TAMS 0x0000000088100000| PB 0x0000000088100000| Complete 
| 130|0x0000000088200000, 0x0000000088300000, 0x0000000088300000|100%|HS|  |TAMS 0x0000000088200000| PB 0x0000000088200000| Complete 
| 131|0x0000000088300000, 0x0000000088400000, 0x0000000088400000|100%| O|Cm|TAMS 0x0000000088300000| PB 0x0000000088300000| Complete 
| 132|0x0000000088400000, 0x0000000088500000, 0x0000000088500000|100%| O|  |TAMS 0x0000000088400000| PB 0x0000000088400000| Untracked 
| 133|0x0000000088500000, 0x0000000088600000, 0x0000000088600000|100%| O|  |TAMS 0x0000000088500000| PB 0x0000000088500000| Untracked 
| 134|0x0000000088600000, 0x0000000088700000, 0x0000000088700000|100%| O|  |TAMS 0x0000000088600000| PB 0x0000000088600000| Untracked 
| 135|0x0000000088700000, 0x0000000088800000, 0x0000000088800000|100%| O|  |TAMS 0x0000000088700000| PB 0x0000000088700000| Untracked 
| 136|0x0000000088800000, 0x0000000088900000, 0x0000000088900000|100%| O|  |TAMS 0x0000000088800000| PB 0x0000000088800000| Untracked 
| 137|0x0000000088900000, 0x0000000088a00000, 0x0000000088a00000|100%| O|  |TAMS 0x0000000088900000| PB 0x0000000088900000| Untracked 
| 138|0x0000000088a00000, 0x0000000088b00000, 0x0000000088b00000|100%| O|  |TAMS 0x0000000088a00000| PB 0x0000000088a00000| Untracked 
| 139|0x0000000088b00000, 0x0000000088c00000, 0x0000000088c00000|100%| O|  |TAMS 0x0000000088b00000| PB 0x0000000088b00000| Untracked 
| 140|0x0000000088c00000, 0x0000000088d00000, 0x0000000088d00000|100%| O|  |TAMS 0x0000000088c00000| PB 0x0000000088c00000| Untracked 
| 141|0x0000000088d00000, 0x0000000088e00000, 0x0000000088e00000|100%| O|Cm|TAMS 0x0000000088d00000| PB 0x0000000088d00000| Complete 
| 142|0x0000000088e00000, 0x0000000088f00000, 0x0000000088f00000|100%| O|Cm|TAMS 0x0000000088e00000| PB 0x0000000088e00000| Complete 
| 143|0x0000000088f00000, 0x0000000089000000, 0x0000000089000000|100%| O|  |TAMS 0x0000000088f00000| PB 0x0000000088f00000| Untracked 
| 144|0x0000000089000000, 0x0000000089100000, 0x0000000089100000|100%| O|  |TAMS 0x0000000089000000| PB 0x0000000089000000| Untracked 
| 145|0x0000000089100000, 0x0000000089200000, 0x0000000089200000|100%| O|  |TAMS 0x0000000089100000| PB 0x0000000089100000| Untracked 
| 146|0x0000000089200000, 0x0000000089300000, 0x0000000089300000|100%|HS|  |TAMS 0x0000000089200000| PB 0x0000000089200000| Complete 
| 147|0x0000000089300000, 0x0000000089400000, 0x0000000089400000|100%|HC|  |TAMS 0x0000000089300000| PB 0x0000000089300000| Complete 
| 148|0x0000000089400000, 0x0000000089500000, 0x0000000089500000|100%|HS|  |TAMS 0x0000000089400000| PB 0x0000000089400000| Complete 
| 149|0x0000000089500000, 0x0000000089600000, 0x0000000089600000|100%|HC|  |TAMS 0x0000000089500000| PB 0x0000000089500000| Complete 
| 150|0x0000000089600000, 0x0000000089700000, 0x0000000089700000|100%|HS|  |TAMS 0x0000000089600000| PB 0x0000000089600000| Complete 
| 151|0x0000000089700000, 0x0000000089800000, 0x0000000089800000|100%| O|  |TAMS 0x0000000089700000| PB 0x0000000089700000| Untracked 
| 152|0x0000000089800000, 0x0000000089900000, 0x0000000089900000|100%| O|  |TAMS 0x0000000089800000| PB 0x0000000089800000| Untracked 
| 153|0x0000000089900000, 0x0000000089a00000, 0x0000000089a00000|100%| O|  |TAMS 0x0000000089900000| PB 0x0000000089900000| Untracked 
| 154|0x0000000089a00000, 0x0000000089b00000, 0x0000000089b00000|100%| O|  |TAMS 0x0000000089a00000| PB 0x0000000089a00000| Untracked 
| 155|0x0000000089b00000, 0x0000000089c00000, 0x0000000089c00000|100%| O|  |TAMS 0x0000000089b00000| PB 0x0000000089b00000| Untracked 
| 156|0x0000000089c00000, 0x0000000089d00000, 0x0000000089d00000|100%| O|  |TAMS 0x0000000089c00000| PB 0x0000000089c00000| Untracked 
| 157|0x0000000089d00000, 0x0000000089e00000, 0x0000000089e00000|100%| O|  |TAMS 0x0000000089d00000| PB 0x0000000089d00000| Untracked 
| 158|0x0000000089e00000, 0x0000000089e570a8, 0x0000000089f00000| 34%| O|  |TAMS 0x0000000089e00000| PB 0x0000000089e00000| Untracked 
| 159|0x0000000089f00000, 0x0000000089f00000, 0x000000008a000000|  0%| F|  |TAMS 0x0000000089f00000| PB 0x0000000089f00000| Untracked 
| 160|0x000000008a000000, 0x000000008a000000, 0x000000008a100000|  0%| F|  |TAMS 0x000000008a000000| PB 0x000000008a000000| Untracked 
| 161|0x000000008a100000, 0x000000008a100000, 0x000000008a200000|  0%| F|  |TAMS 0x000000008a100000| PB 0x000000008a100000| Untracked 
| 162|0x000000008a200000, 0x000000008a200000, 0x000000008a300000|  0%| F|  |TAMS 0x000000008a200000| PB 0x000000008a200000| Untracked 
| 163|0x000000008a300000, 0x000000008a300000, 0x000000008a400000|  0%| F|  |TAMS 0x000000008a300000| PB 0x000000008a300000| Untracked 
| 164|0x000000008a400000, 0x000000008a400000, 0x000000008a500000|  0%| F|  |TAMS 0x000000008a400000| PB 0x000000008a400000| Untracked 
| 165|0x000000008a500000, 0x000000008a500000, 0x000000008a600000|  0%| F|  |TAMS 0x000000008a500000| PB 0x000000008a500000| Untracked 
| 166|0x000000008a600000, 0x000000008a600000, 0x000000008a700000|  0%| F|  |TAMS 0x000000008a600000| PB 0x000000008a600000| Untracked 
| 167|0x000000008a700000, 0x000000008a700000, 0x000000008a800000|  0%| F|  |TAMS 0x000000008a700000| PB 0x000000008a700000| Untracked 
| 168|0x000000008a800000, 0x000000008a800000, 0x000000008a900000|  0%| F|  |TAMS 0x000000008a800000| PB 0x000000008a800000| Untracked 
| 169|0x000000008a900000, 0x000000008a900000, 0x000000008aa00000|  0%| F|  |TAMS 0x000000008a900000| PB 0x000000008a900000| Untracked 
| 170|0x000000008aa00000, 0x000000008aa00000, 0x000000008ab00000|  0%| F|  |TAMS 0x000000008aa00000| PB 0x000000008aa00000| Untracked 
| 171|0x000000008ab00000, 0x000000008ab00000, 0x000000008ac00000|  0%| F|  |TAMS 0x000000008ab00000| PB 0x000000008ab00000| Untracked 
| 172|0x000000008ac00000, 0x000000008ac00000, 0x000000008ad00000|  0%| F|  |TAMS 0x000000008ac00000| PB 0x000000008ac00000| Untracked 
| 173|0x000000008ad00000, 0x000000008ad00000, 0x000000008ae00000|  0%| F|  |TAMS 0x000000008ad00000| PB 0x000000008ad00000| Untracked 
| 174|0x000000008ae00000, 0x000000008ae00000, 0x000000008af00000|  0%| F|  |TAMS 0x000000008ae00000| PB 0x000000008ae00000| Untracked 
| 175|0x000000008af00000, 0x000000008af00000, 0x000000008b000000|  0%| F|  |TAMS 0x000000008af00000| PB 0x000000008af00000| Untracked 
| 176|0x000000008b000000, 0x000000008b000000, 0x000000008b100000|  0%| F|  |TAMS 0x000000008b000000| PB 0x000000008b000000| Untracked 
| 177|0x000000008b100000, 0x000000008b100000, 0x000000008b200000|  0%| F|  |TAMS 0x000000008b100000| PB 0x000000008b100000| Untracked 
| 178|0x000000008b200000, 0x000000008b200000, 0x000000008b300000|  0%| F|  |TAMS 0x000000008b200000| PB 0x000000008b200000| Untracked 
| 179|0x000000008b300000, 0x000000008b300000, 0x000000008b400000|  0%| F|  |TAMS 0x000000008b300000| PB 0x000000008b300000| Untracked 
| 180|0x000000008b400000, 0x000000008b400000, 0x000000008b500000|  0%| F|  |TAMS 0x000000008b400000| PB 0x000000008b400000| Untracked 
| 181|0x000000008b500000, 0x000000008b500000, 0x000000008b600000|  0%| F|  |TAMS 0x000000008b500000| PB 0x000000008b500000| Untracked 
| 182|0x000000008b600000, 0x000000008b600000, 0x000000008b700000|  0%| F|  |TAMS 0x000000008b600000| PB 0x000000008b600000| Untracked 
| 183|0x000000008b700000, 0x000000008b700000, 0x000000008b800000|  0%| F|  |TAMS 0x000000008b700000| PB 0x000000008b700000| Untracked 
| 184|0x000000008b800000, 0x000000008b800000, 0x000000008b900000|  0%| F|  |TAMS 0x000000008b800000| PB 0x000000008b800000| Untracked 
| 185|0x000000008b900000, 0x000000008b900000, 0x000000008ba00000|  0%| F|  |TAMS 0x000000008b900000| PB 0x000000008b900000| Untracked 
| 186|0x000000008ba00000, 0x000000008ba00000, 0x000000008bb00000|  0%| F|  |TAMS 0x000000008ba00000| PB 0x000000008ba00000| Untracked 
| 187|0x000000008bb00000, 0x000000008bb00000, 0x000000008bc00000|  0%| F|  |TAMS 0x000000008bb00000| PB 0x000000008bb00000| Untracked 
| 188|0x000000008bc00000, 0x000000008bc00000, 0x000000008bd00000|  0%| F|  |TAMS 0x000000008bc00000| PB 0x000000008bc00000| Untracked 
| 189|0x000000008bd00000, 0x000000008bd00000, 0x000000008be00000|  0%| F|  |TAMS 0x000000008bd00000| PB 0x000000008bd00000| Untracked 
| 190|0x000000008be00000, 0x000000008be00000, 0x000000008bf00000|  0%| F|  |TAMS 0x000000008be00000| PB 0x000000008be00000| Untracked 
| 191|0x000000008bf00000, 0x000000008bf00000, 0x000000008c000000|  0%| F|  |TAMS 0x000000008bf00000| PB 0x000000008bf00000| Untracked 
| 192|0x000000008c000000, 0x000000008c000000, 0x000000008c100000|  0%| F|  |TAMS 0x000000008c000000| PB 0x000000008c000000| Untracked 
| 193|0x000000008c100000, 0x000000008c100000, 0x000000008c200000|  0%| F|  |TAMS 0x000000008c100000| PB 0x000000008c100000| Untracked 
| 194|0x000000008c200000, 0x000000008c200000, 0x000000008c300000|  0%| F|  |TAMS 0x000000008c200000| PB 0x000000008c200000| Untracked 
| 195|0x000000008c300000, 0x000000008c300000, 0x000000008c400000|  0%| F|  |TAMS 0x000000008c300000| PB 0x000000008c300000| Untracked 
| 196|0x000000008c400000, 0x000000008c400000, 0x000000008c500000|  0%| F|  |TAMS 0x000000008c400000| PB 0x000000008c400000| Untracked 
| 197|0x000000008c500000, 0x000000008c500000, 0x000000008c600000|  0%| F|  |TAMS 0x000000008c500000| PB 0x000000008c500000| Untracked 
| 198|0x000000008c600000, 0x000000008c600000, 0x000000008c700000|  0%| F|  |TAMS 0x000000008c600000| PB 0x000000008c600000| Untracked 
| 199|0x000000008c700000, 0x000000008c700000, 0x000000008c800000|  0%| F|  |TAMS 0x000000008c700000| PB 0x000000008c700000| Untracked 
| 200|0x000000008c800000, 0x000000008c900000, 0x000000008c900000|100%| S|  |TAMS 0x000000008c800000| PB 0x000000008c800000| Complete 
| 201|0x000000008c900000, 0x000000008ca00000, 0x000000008ca00000|100%| S|  |TAMS 0x000000008c900000| PB 0x000000008c900000| Complete 
| 202|0x000000008ca00000, 0x000000008ca54328, 0x000000008cb00000| 32%| E|CS|TAMS 0x000000008ca00000| PB 0x000000008ca00000| Complete 
| 203|0x000000008cb00000, 0x000000008cc00000, 0x000000008cc00000|100%| E|CS|TAMS 0x000000008cb00000| PB 0x000000008cb00000| Complete 
| 204|0x000000008cc00000, 0x000000008cd00000, 0x000000008cd00000|100%| E|CS|TAMS 0x000000008cc00000| PB 0x000000008cc00000| Complete 
| 205|0x000000008cd00000, 0x000000008ce00000, 0x000000008ce00000|100%| E|CS|TAMS 0x000000008cd00000| PB 0x000000008cd00000| Complete 
| 206|0x000000008ce00000, 0x000000008cf00000, 0x000000008cf00000|100%| S|  |TAMS 0x000000008ce00000| PB 0x000000008ce00000| Complete 
| 207|0x000000008cf00000, 0x000000008d000000, 0x000000008d000000|100%| S|  |TAMS 0x000000008cf00000| PB 0x000000008cf00000| Complete 
| 208|0x000000008d000000, 0x000000008d100000, 0x000000008d100000|100%| S|  |TAMS 0x000000008d000000| PB 0x000000008d000000| Complete 
| 209|0x000000008d100000, 0x000000008d200000, 0x000000008d200000|100%| S|  |TAMS 0x000000008d100000| PB 0x000000008d100000| Complete 
| 210|0x000000008d200000, 0x000000008d300000, 0x000000008d300000|100%| S|  |TAMS 0x000000008d200000| PB 0x000000008d200000| Complete 
| 211|0x000000008d300000, 0x000000008d400000, 0x000000008d400000|100%| E|CS|TAMS 0x000000008d300000| PB 0x000000008d300000| Complete 
| 212|0x000000008d400000, 0x000000008d500000, 0x000000008d500000|100%| E|CS|TAMS 0x000000008d400000| PB 0x000000008d400000| Complete 
| 213|0x000000008d500000, 0x000000008d600000, 0x000000008d600000|100%| E|CS|TAMS 0x000000008d500000| PB 0x000000008d500000| Complete 
| 214|0x000000008d600000, 0x000000008d700000, 0x000000008d700000|100%| E|CS|TAMS 0x000000008d600000| PB 0x000000008d600000| Complete 
| 215|0x000000008d700000, 0x000000008d800000, 0x000000008d800000|100%| E|CS|TAMS 0x000000008d700000| PB 0x000000008d700000| Complete 
| 216|0x000000008d800000, 0x000000008d900000, 0x000000008d900000|100%| E|CS|TAMS 0x000000008d800000| PB 0x000000008d800000| Complete 
| 217|0x000000008d900000, 0x000000008da00000, 0x000000008da00000|100%| E|CS|TAMS 0x000000008d900000| PB 0x000000008d900000| Complete 
| 218|0x000000008da00000, 0x000000008db00000, 0x000000008db00000|100%| E|CS|TAMS 0x000000008da00000| PB 0x000000008da00000| Complete 
| 219|0x000000008db00000, 0x000000008dc00000, 0x000000008dc00000|100%| E|CS|TAMS 0x000000008db00000| PB 0x000000008db00000| Complete 
| 220|0x000000008dc00000, 0x000000008dd00000, 0x000000008dd00000|100%| E|CS|TAMS 0x000000008dc00000| PB 0x000000008dc00000| Complete 
| 221|0x000000008dd00000, 0x000000008de00000, 0x000000008de00000|100%| E|CS|TAMS 0x000000008dd00000| PB 0x000000008dd00000| Complete 
| 222|0x000000008de00000, 0x000000008df00000, 0x000000008df00000|100%| E|CS|TAMS 0x000000008de00000| PB 0x000000008de00000| Complete 
| 223|0x000000008df00000, 0x000000008e000000, 0x000000008e000000|100%| E|CS|TAMS 0x000000008df00000| PB 0x000000008df00000| Complete 
| 224|0x000000008e000000, 0x000000008e100000, 0x000000008e100000|100%| E|CS|TAMS 0x000000008e000000| PB 0x000000008e000000| Complete 
| 225|0x000000008e100000, 0x000000008e200000, 0x000000008e200000|100%| E|CS|TAMS 0x000000008e100000| PB 0x000000008e100000| Complete 
| 226|0x000000008e200000, 0x000000008e300000, 0x000000008e300000|100%| E|CS|TAMS 0x000000008e200000| PB 0x000000008e200000| Complete 
| 227|0x000000008e300000, 0x000000008e400000, 0x000000008e400000|100%| E|CS|TAMS 0x000000008e300000| PB 0x000000008e300000| Complete 
| 228|0x000000008e400000, 0x000000008e500000, 0x000000008e500000|100%| E|CS|TAMS 0x000000008e400000| PB 0x000000008e400000| Complete 
| 229|0x000000008e500000, 0x000000008e600000, 0x000000008e600000|100%| E|CS|TAMS 0x000000008e500000| PB 0x000000008e500000| Complete 
| 230|0x000000008e600000, 0x000000008e700000, 0x000000008e700000|100%| E|CS|TAMS 0x000000008e600000| PB 0x000000008e600000| Complete 
| 231|0x000000008e700000, 0x000000008e800000, 0x000000008e800000|100%| E|CS|TAMS 0x000000008e700000| PB 0x000000008e700000| Complete 
| 232|0x000000008e800000, 0x000000008e900000, 0x000000008e900000|100%| E|CS|TAMS 0x000000008e800000| PB 0x000000008e800000| Complete 
| 233|0x000000008e900000, 0x000000008ea00000, 0x000000008ea00000|100%| E|CS|TAMS 0x000000008e900000| PB 0x000000008e900000| Complete 
| 234|0x000000008ea00000, 0x000000008eb00000, 0x000000008eb00000|100%| E|CS|TAMS 0x000000008ea00000| PB 0x000000008ea00000| Complete 
| 235|0x000000008eb00000, 0x000000008ec00000, 0x000000008ec00000|100%| E|CS|TAMS 0x000000008eb00000| PB 0x000000008eb00000| Complete 
| 236|0x000000008ec00000, 0x000000008ed00000, 0x000000008ed00000|100%| E|CS|TAMS 0x000000008ec00000| PB 0x000000008ec00000| Complete 
| 237|0x000000008ed00000, 0x000000008ee00000, 0x000000008ee00000|100%| E|CS|TAMS 0x000000008ed00000| PB 0x000000008ed00000| Complete 
| 238|0x000000008ee00000, 0x000000008ef00000, 0x000000008ef00000|100%| E|CS|TAMS 0x000000008ee00000| PB 0x000000008ee00000| Complete 
| 239|0x000000008ef00000, 0x000000008f000000, 0x000000008f000000|100%| E|CS|TAMS 0x000000008ef00000| PB 0x000000008ef00000| Complete 
| 240|0x000000008f000000, 0x000000008f100000, 0x000000008f100000|100%| E|CS|TAMS 0x000000008f000000| PB 0x000000008f000000| Complete 
| 241|0x000000008f100000, 0x000000008f200000, 0x000000008f200000|100%| E|CS|TAMS 0x000000008f100000| PB 0x000000008f100000| Complete 
| 242|0x000000008f200000, 0x000000008f300000, 0x000000008f300000|100%| E|CS|TAMS 0x000000008f200000| PB 0x000000008f200000| Complete 
| 243|0x000000008f300000, 0x000000008f400000, 0x000000008f400000|100%| E|CS|TAMS 0x000000008f300000| PB 0x000000008f300000| Complete 
| 244|0x000000008f400000, 0x000000008f500000, 0x000000008f500000|100%| E|CS|TAMS 0x000000008f400000| PB 0x000000008f400000| Complete 
| 245|0x000000008f500000, 0x000000008f600000, 0x000000008f600000|100%| E|CS|TAMS 0x000000008f500000| PB 0x000000008f500000| Complete 
| 246|0x000000008f600000, 0x000000008f700000, 0x000000008f700000|100%| E|CS|TAMS 0x000000008f600000| PB 0x000000008f600000| Complete 
| 247|0x000000008f700000, 0x000000008f800000, 0x000000008f800000|100%| E|CS|TAMS 0x000000008f700000| PB 0x000000008f700000| Complete 
| 248|0x000000008f800000, 0x000000008f900000, 0x000000008f900000|100%| E|CS|TAMS 0x000000008f800000| PB 0x000000008f800000| Complete 
| 249|0x000000008f900000, 0x000000008fa00000, 0x000000008fa00000|100%| E|CS|TAMS 0x000000008f900000| PB 0x000000008f900000| Complete 
| 250|0x000000008fa00000, 0x000000008fb00000, 0x000000008fb00000|100%| E|CS|TAMS 0x000000008fa00000| PB 0x000000008fa00000| Complete 
| 251|0x000000008fb00000, 0x000000008fc00000, 0x000000008fc00000|100%| E|CS|TAMS 0x000000008fb00000| PB 0x000000008fb00000| Complete 
| 252|0x000000008fc00000, 0x000000008fd00000, 0x000000008fd00000|100%| E|CS|TAMS 0x000000008fc00000| PB 0x000000008fc00000| Complete 
| 253|0x000000008fd00000, 0x000000008fe00000, 0x000000008fe00000|100%| E|CS|TAMS 0x000000008fd00000| PB 0x000000008fd00000| Complete 
| 254|0x000000008fe00000, 0x000000008ff00000, 0x000000008ff00000|100%| E|CS|TAMS 0x000000008fe00000| PB 0x000000008fe00000| Complete 
| 255|0x000000008ff00000, 0x0000000090000000, 0x0000000090000000|100%| E|CS|TAMS 0x000000008ff00000| PB 0x000000008ff00000| Complete 
| 256|0x0000000090000000, 0x0000000090100000, 0x0000000090100000|100%| E|CS|TAMS 0x0000000090000000| PB 0x0000000090000000| Complete 
| 257|0x0000000090100000, 0x0000000090200000, 0x0000000090200000|100%| E|CS|TAMS 0x0000000090100000| PB 0x0000000090100000| Complete 
|2039|0x00000000ff700000, 0x00000000ff800000, 0x00000000ff800000|100%| O|  |TAMS 0x00000000ff700000| PB 0x00000000ff700000| Untracked 
|2040|0x00000000ff800000, 0x00000000ff900000, 0x00000000ff900000|100%| O|  |TAMS 0x00000000ff800000| PB 0x00000000ff800000| Untracked 
|2041|0x00000000ff900000, 0x00000000ffa00000, 0x00000000ffa00000|100%| O|  |TAMS 0x00000000ff900000| PB 0x00000000ff900000| Untracked 
|2042|0x00000000ffa00000, 0x00000000ffb00000, 0x00000000ffb00000|100%| E|CS|TAMS 0x00000000ffa00000| PB 0x00000000ffa00000| Complete 
|2043|0x00000000ffb00000, 0x00000000ffc00000, 0x00000000ffc00000|100%| O|  |TAMS 0x00000000ffb00000| PB 0x00000000ffb00000| Untracked 
|2044|0x00000000ffc00000, 0x00000000ffd00000, 0x00000000ffd00000|100%| E|CS|TAMS 0x00000000ffc00000| PB 0x00000000ffc00000| Complete 
|2045|0x00000000ffd00000, 0x00000000ffe00000, 0x00000000ffe00000|100%| O|  |TAMS 0x00000000ffd00000| PB 0x00000000ffd00000| Untracked 
|2046|0x00000000ffe00000, 0x00000000fff00000, 0x00000000fff00000|100%| O|  |TAMS 0x00000000ffe00000| PB 0x00000000ffe00000| Untracked 
|2047|0x00000000fff00000, 0x0000000100000000, 0x0000000100000000|100%| O|  |TAMS 0x00000000fff00000| PB 0x00000000fff00000| Untracked 

Card table byte_map: [0x000002077a560000,0x000002077a960000] _byte_map_base: 0x000002077a160000

Marking Bits: (CMBitMap*) 0x0000020768018b00
 Bits: [0x000002077a960000, 0x000002077c960000)

Polling page: 0x0000020767720000

Metaspace:

Usage:
  Non-class:     87.95 MB used.
      Class:     14.52 MB used.
       Both:    102.46 MB used.

Virtual space:
  Non-class space:      128.00 MB reserved,      89.25 MB ( 70%) committed,  2 nodes.
      Class space:      416.00 MB reserved,      15.75 MB (  4%) committed,  1 nodes.
             Both:      544.00 MB reserved,     105.00 MB ( 19%) committed. 

Chunk freelists:
   Non-Class:  6.80 MB
       Class:  112.00 KB
        Both:  6.91 MB

MaxMetaspaceSize: 512.00 MB
CompressedClassSpaceSize: 416.00 MB
Initial GC threshold: 21.00 MB
Current GC threshold: 173.56 MB
CDS: on
 - commit_granule_bytes: 65536.
 - commit_granule_words: 8192.
 - virtual_space_node_default_size: 8388608.
 - enlarge_chunks_in_place: 1.
 - use_allocation_guard: 0.


Internal statistics:

num_allocs_failed_limit: 6.
num_arena_births: 4230.
num_arena_deaths: 0.
num_vsnodes_births: 3.
num_vsnodes_deaths: 0.
num_space_committed: 1680.
num_space_uncommitted: 0.
num_chunks_returned_to_freelist: 6.
num_chunks_taken_from_freelist: 9138.
num_chunk_merges: 6.
num_chunk_splits: 5995.
num_chunks_enlarged: 3793.
num_inconsistent_stats: 0.

CodeHeap 'non-profiled nmethods': size=120000Kb used=7826Kb max_used=7826Kb free=112173Kb
 bounds [0x0000020772c30000, 0x00000207733e0000, 0x000002077a160000]
CodeHeap 'profiled nmethods': size=120000Kb used=24417Kb max_used=25000Kb free=95582Kb
 bounds [0x000002076b160000, 0x000002076c9e0000, 0x0000020772690000]
CodeHeap 'non-nmethods': size=5760Kb used=2719Kb max_used=2750Kb free=3040Kb
 bounds [0x0000020772690000, 0x0000020772950000, 0x0000020772c30000]
CodeCache: size=245760Kb, used=34962Kb, max_used=35576Kb, free=210795Kb
 total_blobs=13457, nmethods=12481, adapters=880, full_count=0
Compilation: enabled, stopped_count=0, restarted_count=0

Compilation events (20 events):
Event: 136.503 Thread 0x000002077cb54710 14824       3       com.google.protobuf.GeneratedMessageV3::<init> (13 bytes)
Event: 136.504 Thread 0x000002077cb54710 nmethod 14824 0x000002076b56a990 code [0x000002076b56ab40, 0x000002076b56adf0]
Event: 136.504 Thread 0x000002077cb54710 14825       3       com.google.protobuf.GeneratedMessageV3$Builder::onBuilt (12 bytes)
Event: 136.504 Thread 0x000002077cb54710 nmethod 14825 0x000002076b576310 code [0x000002076b5764c0, 0x000002076b5766e0]
Event: 136.504 Thread 0x000002077cb54710 14826       3       org.gradle.api.internal.project.AbstractPluginAware::getPlugins (10 bytes)
Event: 136.504 Thread 0x000002077cb54710 nmethod 14826 0x000002076b6d4f90 code [0x000002076b6d5140, 0x000002076b6d53e0]
Event: 136.504 Thread 0x000002077cb54710 14827       1       com.google.protobuf.Descriptors$EnumValueDescriptor::getIndex (5 bytes)
Event: 136.504 Thread 0x000002077cb54710 nmethod 14827 0x00000207733d4010 code [0x00000207733d41a0, 0x00000207733d4268]
Event: 136.505 Thread 0x000002077cb54710 14828       1       com.google.protobuf.Descriptors$EnumValueDescriptor::getType (5 bytes)
Event: 136.505 Thread 0x000002077cb54710 nmethod 14828 0x00000207733d4310 code [0x00000207733d44a0, 0x00000207733d4568]
Event: 136.505 Thread 0x000002077cb54710 14829       1       com.google.wireless.android.sdk.stats.GradleBuildProject$GradlePlugin::getNumber (5 bytes)
Event: 136.505 Thread 0x000002077cb54710 nmethod 14829 0x00000207733d4610 code [0x00000207733d47a0, 0x00000207733d4868]
Event: 136.505 Thread 0x000002077cb54710 14830       3       com.google.wireless.android.sdk.stats.GradleBuildProject$GradlePlugin::getDescriptor (16 bytes)
Event: 136.506 Thread 0x000002077cb54710 nmethod 14830 0x000002076bc12f10 code [0x000002076bc13140, 0x000002076bc138e0]
Event: 136.506 Thread 0x000002077cb54710 14831       3       com.google.wireless.android.sdk.stats.GradleBuildProject::getDescriptor (4 bytes)
Event: 136.506 Thread 0x000002077cb54710 nmethod 14831 0x000002076bb86d90 code [0x000002076bb86f20, 0x000002076bb87018]
Event: 136.506 Thread 0x000002077cb54710 14832       3       com.google.protobuf.Descriptors$Descriptor::getEnumTypes (11 bytes)
Event: 136.507 Thread 0x000002077cb54710 nmethod 14832 0x000002076b9acb90 code [0x000002076b9acd80, 0x000002076b9ad2b0]
Event: 136.524 Thread 0x000002077cb54710 14833       3       jdk.internal.org.objectweb.asm.ByteVector::putInt (74 bytes)
Event: 136.524 Thread 0x000002077cb54710 nmethod 14833 0x000002076b8b8190 code [0x000002076b8b8340, 0x000002076b8b8590]

GC Heap History (20 events):
Event: 104.297 GC heap after
{Heap after GC invocations=43 (full 0):
 garbage-first heap   total 157696K, used 100051K [0x0000000080000000, 0x0000000100000000)
  region size 1024K, 6 young (6144K), 6 survivors (6144K)
 Metaspace       used 90283K, committed 92544K, reserved 557056K
  class space    used 12873K, committed 14016K, reserved 425984K
}
Event: 106.710 GC heap before
{Heap before GC invocations=44 (full 0):
 garbage-first heap   total 167936K, used 143059K [0x0000000080000000, 0x0000000100000000)
  region size 1024K, 47 young (48128K), 6 survivors (6144K)
 Metaspace       used 93281K, committed 95616K, reserved 557056K
  class space    used 13396K, committed 14528K, reserved 425984K
}
Event: 106.724 GC heap after
{Heap after GC invocations=45 (full 0):
 garbage-first heap   total 167936K, used 101305K [0x0000000080000000, 0x0000000100000000)
  region size 1024K, 4 young (4096K), 4 survivors (4096K)
 Metaspace       used 93281K, committed 95616K, reserved 557056K
  class space    used 13396K, committed 14528K, reserved 425984K
}
Event: 111.040 GC heap before
{Heap before GC invocations=45 (full 0):
 garbage-first heap   total 167936K, used 151481K [0x0000000080000000, 0x0000000100000000)
  region size 1024K, 53 young (54272K), 4 survivors (4096K)
 Metaspace       used 96713K, committed 99008K, reserved 557056K
  class space    used 13919K, committed 15040K, reserved 425984K
}
Event: 111.053 GC heap after
{Heap after GC invocations=46 (full 0):
 garbage-first heap   total 167936K, used 102935K [0x0000000080000000, 0x0000000100000000)
  region size 1024K, 6 young (6144K), 6 survivors (6144K)
 Metaspace       used 96713K, committed 99008K, reserved 557056K
  class space    used 13919K, committed 15040K, reserved 425984K
}
Event: 114.615 GC heap before
{Heap before GC invocations=46 (full 0):
 garbage-first heap   total 167936K, used 153111K [0x0000000080000000, 0x0000000100000000)
  region size 1024K, 55 young (56320K), 6 survivors (6144K)
 Metaspace       used 98872K, committed 101248K, reserved 557056K
  class space    used 14258K, committed 15424K, reserved 425984K
}
Event: 114.636 GC heap after
{Heap after GC invocations=47 (full 0):
 garbage-first heap   total 167936K, used 109328K [0x0000000080000000, 0x0000000100000000)
  region size 1024K, 7 young (7168K), 7 survivors (7168K)
 Metaspace       used 98872K, committed 101248K, reserved 557056K
  class space    used 14258K, committed 15424K, reserved 425984K
}
Event: 117.871 GC heap before
{Heap before GC invocations=48 (full 0):
 garbage-first heap   total 183296K, used 152336K [0x0000000080000000, 0x0000000100000000)
  region size 1024K, 50 young (51200K), 7 survivors (7168K)
 Metaspace       used 100561K, committed 103040K, reserved 557056K
  class space    used 14401K, committed 15616K, reserved 425984K
}
Event: 117.898 GC heap after
{Heap after GC invocations=49 (full 0):
 garbage-first heap   total 183296K, used 118998K [0x0000000080000000, 0x0000000100000000)
  region size 1024K, 7 young (7168K), 7 survivors (7168K)
 Metaspace       used 100561K, committed 103040K, reserved 557056K
  class space    used 14401K, committed 15616K, reserved 425984K
}
Event: 122.312 GC heap before
{Heap before GC invocations=49 (full 0):
 garbage-first heap   total 183296K, used 167126K [0x0000000080000000, 0x0000000100000000)
  region size 1024K, 51 young (52224K), 7 survivors (7168K)
 Metaspace       used 101243K, committed 103616K, reserved 557056K
  class space    used 14495K, committed 15680K, reserved 425984K
}
Event: 122.333 GC heap after
{Heap after GC invocations=50 (full 0):
 garbage-first heap   total 186368K, used 131072K [0x0000000080000000, 0x0000000100000000)
  region size 1024K, 7 young (7168K), 7 survivors (7168K)
 Metaspace       used 101243K, committed 103616K, reserved 557056K
  class space    used 14495K, committed 15680K, reserved 425984K
}
Event: 125.086 GC heap before
{Heap before GC invocations=50 (full 0):
 garbage-first heap   total 186368K, used 166912K [0x0000000080000000, 0x0000000100000000)
  region size 1024K, 42 young (43008K), 7 survivors (7168K)
 Metaspace       used 101916K, committed 104448K, reserved 557056K
  class space    used 14565K, committed 15808K, reserved 425984K
}
Event: 125.107 GC heap after
{Heap after GC invocations=51 (full 0):
 garbage-first heap   total 186368K, used 141280K [0x0000000080000000, 0x0000000100000000)
  region size 1024K, 6 young (6144K), 6 survivors (6144K)
 Metaspace       used 101916K, committed 104448K, reserved 557056K
  class space    used 14565K, committed 15808K, reserved 425984K
}
Event: 128.235 GC heap before
{Heap before GC invocations=52 (full 0):
 garbage-first heap   total 235520K, used 170976K [0x0000000080000000, 0x0000000100000000)
  region size 1024K, 33 young (33792K), 6 survivors (6144K)
 Metaspace       used 102156K, committed 104704K, reserved 557056K
  class space    used 14586K, committed 15808K, reserved 425984K
}
Event: 128.257 GC heap after
{Heap after GC invocations=53 (full 0):
 garbage-first heap   total 235520K, used 150528K [0x0000000080000000, 0x0000000100000000)
  region size 1024K, 5 young (5120K), 5 survivors (5120K)
 Metaspace       used 102156K, committed 104704K, reserved 557056K
  class space    used 14586K, committed 15808K, reserved 425984K
}
Event: 133.321 GC heap before
{Heap before GC invocations=53 (full 0):
 garbage-first heap   total 235520K, used 208896K [0x0000000080000000, 0x0000000100000000)
  region size 1024K, 62 young (63488K), 5 survivors (5120K)
 Metaspace       used 103953K, committed 106496K, reserved 557056K
  class space    used 14783K, committed 16000K, reserved 425984K
}
Event: 133.341 GC heap after
{Heap after GC invocations=54 (full 0):
 garbage-first heap   total 235520K, used 156672K [0x0000000080000000, 0x0000000100000000)
  region size 1024K, 8 young (8192K), 8 survivors (8192K)
 Metaspace       used 103953K, committed 106496K, reserved 557056K
  class space    used 14783K, committed 16000K, reserved 425984K
}
Event: 134.026 GC heap before
{Heap before GC invocations=54 (full 0):
 garbage-first heap   total 235520K, used 172032K [0x0000000080000000, 0x0000000100000000)
  region size 1024K, 25 young (25600K), 8 survivors (8192K)
 Metaspace       used 103995K, committed 106560K, reserved 557056K
  class space    used 14787K, committed 16000K, reserved 425984K
}
Event: 134.041 GC heap after
{Heap after GC invocations=55 (full 0):
 garbage-first heap   total 235520K, used 160080K [0x0000000080000000, 0x0000000100000000)
  region size 1024K, 4 young (4096K), 4 survivors (4096K)
 Metaspace       used 103995K, committed 106560K, reserved 557056K
  class space    used 14787K, committed 16000K, reserved 425984K
}
Event: 136.543 GC heap before
{Heap before GC invocations=56 (full 0):
 garbage-first heap   total 273408K, used 214352K [0x0000000080000000, 0x0000000100000000)
  region size 1024K, 53 young (54272K), 4 survivors (4096K)
 Metaspace       used 104923K, committed 107520K, reserved 557056K
  class space    used 14864K, committed 16128K, reserved 425984K
}

Dll operation events (20 events):
Event: 0.493 Attempting to load shared library C:\Users\PC-001\.vscode\extensions\redhat.java-1.56.0-win32-x64\jre\21.0.12.1-win32-x86_64\bin\nio.dll
Event: 0.494 Loaded shared library C:\Users\PC-001\.vscode\extensions\redhat.java-1.56.0-win32-x64\jre\21.0.12.1-win32-x86_64\bin\nio.dll
Event: 0.503 Attempting to load shared library C:\Users\PC-001\.vscode\extensions\redhat.java-1.56.0-win32-x64\jre\21.0.12.1-win32-x86_64\bin\zip.dll
Event: 0.503 Loaded shared library C:\Users\PC-001\.vscode\extensions\redhat.java-1.56.0-win32-x64\jre\21.0.12.1-win32-x86_64\bin\zip.dll
Event: 3.939 Attempting to load shared library C:\Users\PC-001\.vscode\extensions\redhat.java-1.56.0-win32-x64\jre\21.0.12.1-win32-x86_64\bin\jimage.dll
Event: 3.939 Loaded shared library C:\Users\PC-001\.vscode\extensions\redhat.java-1.56.0-win32-x64\jre\21.0.12.1-win32-x86_64\bin\jimage.dll
Event: 4.215 Attempting to load shared library C:\Users\PC-001\.vscode\extensions\redhat.java-1.56.0-win32-x64\jre\21.0.12.1-win32-x86_64\bin\verify.dll
Event: 4.216 Loaded shared library C:\Users\PC-001\.vscode\extensions\redhat.java-1.56.0-win32-x64\jre\21.0.12.1-win32-x86_64\bin\verify.dll
Event: 4.943 Attempting to load shared library C:\Users\PC-001\.gradle\native\c067742578af261105cb4f569cf0c3c89f3d7b1fecec35dd04571415982c5e48\windows-amd64\native-platform.dll
Event: 4.945 Loaded shared library C:\Users\PC-001\.gradle\native\c067742578af261105cb4f569cf0c3c89f3d7b1fecec35dd04571415982c5e48\windows-amd64\native-platform.dll
Event: 4.988 Attempting to load shared library C:\Users\PC-001\.gradle\native\38dada09dfb8b06ba9b0570ebf7e218e3eb74d4ef43ca46872605cf95ebc2f47\windows-amd64\native-platform-file-events.dll
Event: 4.990 Loaded shared library C:\Users\PC-001\.gradle\native\38dada09dfb8b06ba9b0570ebf7e218e3eb74d4ef43ca46872605cf95ebc2f47\windows-amd64\native-platform-file-events.dll
Event: 10.957 Attempting to load shared library C:\Users\PC-001\.vscode\extensions\redhat.java-1.56.0-win32-x64\jre\21.0.12.1-win32-x86_64\bin\management.dll
Event: 10.959 Loaded shared library C:\Users\PC-001\.vscode\extensions\redhat.java-1.56.0-win32-x64\jre\21.0.12.1-win32-x86_64\bin\management.dll
Event: 10.963 Attempting to load shared library C:\Users\PC-001\.vscode\extensions\redhat.java-1.56.0-win32-x64\jre\21.0.12.1-win32-x86_64\bin\management_ext.dll
Event: 10.965 Loaded shared library C:\Users\PC-001\.vscode\extensions\redhat.java-1.56.0-win32-x64\jre\21.0.12.1-win32-x86_64\bin\management_ext.dll
Event: 12.277 Attempting to load shared library C:\Users\PC-001\.vscode\extensions\redhat.java-1.56.0-win32-x64\jre\21.0.12.1-win32-x86_64\bin\extnet.dll
Event: 12.278 Loaded shared library C:\Users\PC-001\.vscode\extensions\redhat.java-1.56.0-win32-x64\jre\21.0.12.1-win32-x86_64\bin\extnet.dll
Event: 13.167 Attempting to load shared library C:\Users\PC-001\.vscode\extensions\redhat.java-1.56.0-win32-x64\jre\21.0.12.1-win32-x86_64\bin\sunmscapi.dll
Event: 13.172 Loaded shared library C:\Users\PC-001\.vscode\extensions\redhat.java-1.56.0-win32-x64\jre\21.0.12.1-win32-x86_64\bin\sunmscapi.dll

Deoptimization events (20 events):
Event: 136.264 Thread 0x000002077f3470b0 Uncommon trap: trap_request=0xffffffd6 fr.pc=0x00000207733caa88 relative=0x00000000000009a8
Event: 136.264 Thread 0x000002077f3470b0 Uncommon trap: reason=array_check action=maybe_recompile pc=0x00000207733caa88 method=java.util.TimSort.binarySort([Ljava/lang/Object;IIILjava/util/Comparator;)V @ 183 c2
Event: 136.264 Thread 0x000002077f3470b0 DEOPT PACKING pc=0x00000207733caa88 sp=0x000000ec4dff8750
Event: 136.265 Thread 0x000002077f3470b0 DEOPT UNPACKING pc=0x00000207726e4422 sp=0x000000ec4dff86f8 mode 2
Event: 136.294 Thread 0x000002077f3470b0 Uncommon trap: trap_request=0xffffff76 fr.pc=0x00000207731328f0 relative=0x0000000000001230
Event: 136.294 Thread 0x000002077f3470b0 Uncommon trap: reason=predicate action=maybe_recompile pc=0x00000207731328f0 method=java.util.ComparableTimSort.binarySort([Ljava/lang/Object;III)V @ 34 c2
Event: 136.294 Thread 0x000002077f3470b0 DEOPT PACKING pc=0x00000207731328f0 sp=0x000000ec4dff8a50
Event: 136.294 Thread 0x000002077f3470b0 DEOPT UNPACKING pc=0x00000207726e4422 sp=0x000000ec4dff8a38 mode 2
Event: 136.307 Thread 0x000002077f3470b0 Uncommon trap: trap_request=0xffffffde fr.pc=0x0000020772ec1214 relative=0x0000000000000074
Event: 136.307 Thread 0x000002077f3470b0 Uncommon trap: reason=class_check action=maybe_recompile pc=0x0000020772ec1214 method=java.util.Collections$UnmodifiableCollection.size()I @ 4 c2
Event: 136.307 Thread 0x000002077f3470b0 DEOPT PACKING pc=0x0000020772ec1214 sp=0x000000ec4dff8dc0
Event: 136.308 Thread 0x000002077f3470b0 DEOPT UNPACKING pc=0x00000207726e4422 sp=0x000000ec4dff8d50 mode 2
Event: 136.308 Thread 0x000002077f3470b0 Uncommon trap: trap_request=0xffffffde fr.pc=0x0000020772ec1214 relative=0x0000000000000074
Event: 136.309 Thread 0x000002077f3470b0 Uncommon trap: reason=class_check action=maybe_recompile pc=0x0000020772ec1214 method=java.util.Collections$UnmodifiableCollection.size()I @ 4 c2
Event: 136.310 Thread 0x000002077f3470b0 DEOPT PACKING pc=0x0000020772ec1214 sp=0x000000ec4dff8dc0
Event: 136.310 Thread 0x000002077f3470b0 DEOPT UNPACKING pc=0x00000207726e4422 sp=0x000000ec4dff8d50 mode 2
Event: 136.311 Thread 0x000002077f3470b0 Uncommon trap: trap_request=0xffffffde fr.pc=0x0000020772ec1214 relative=0x0000000000000074
Event: 136.311 Thread 0x000002077f3470b0 Uncommon trap: reason=class_check action=maybe_recompile pc=0x0000020772ec1214 method=java.util.Collections$UnmodifiableCollection.size()I @ 4 c2
Event: 136.311 Thread 0x000002077f3470b0 DEOPT PACKING pc=0x0000020772ec1214 sp=0x000000ec4dff8dc0
Event: 136.311 Thread 0x000002077f3470b0 DEOPT UNPACKING pc=0x00000207726e4422 sp=0x000000ec4dff8d50 mode 2

Classes loaded (20 events):
Event: 120.567 Loading class java/util/AbstractSetCustomizer
Event: 120.567 Loading class java/util/AbstractSetCustomizer done
Event: 120.568 Loading class java/util/AbstractSetCustomizer
Event: 120.568 Loading class java/util/AbstractSetCustomizer done
Event: 120.570 Loading class java/util/TreeSetCustomizer
Event: 120.570 Loading class java/util/TreeSetCustomizer done
Event: 120.571 Loading class java/util/TreeSetCustomizer
Event: 120.571 Loading class java/util/TreeSetCustomizer done
Event: 124.748 Loading class java/util/Collections$ReverseComparator
Event: 124.748 Loading class java/util/Collections$ReverseComparator done
Event: 124.748 Loading class java/util/Collections$ReverseComparator2
Event: 124.748 Loading class java/util/Collections$ReverseComparator2 done
Event: 130.674 Loading class java/net/Proxy
Event: 130.675 Loading class java/net/Proxy done
Event: 130.675 Loading class java/net/Proxy$Type
Event: 130.675 Loading class java/net/Proxy$Type done
Event: 132.728 Loading class java/lang/StackTraceElement$HashedModules
Event: 132.728 Loading class java/lang/StackTraceElement$HashedModules done
Event: 134.156 Loading class java/beans/ParameterDescriptor
Event: 134.156 Loading class java/beans/ParameterDescriptor done

Classes unloaded (0 events):
No events

Classes redefined (0 events):
No events

Internal exceptions (20 events):
Event: 130.408 Thread 0x000002077f3470b0 Exception <a 'java/lang/ClassNotFoundException'{0x000000008be1a7b8}: org/gradle/api/internal/artifacts/dsl/dependencies/DefaultDependencyConstraintHandlerBeanInfo> (0x000000008be1a7b8) 
thrown [s\src\hotspot\share\classfile\systemDictionary.cpp, line 313]
Event: 130.411 Thread 0x000002077f3470b0 Exception <a 'java/lang/ClassNotFoundException'{0x000000008be33e48}: org/gradle/api/internal/artifacts/dsl/dependencies/DefaultDependencyConstraintHandlerCustomizer> (0x000000008be33e48) 
thrown [s\src\hotspot\share\classfile\systemDictionary.cpp, line 313]
Event: 130.440 Thread 0x000002077f3470b0 Exception <a 'java/lang/ClassNotFoundException'{0x000000008be56ac8}: org/gradle/api/internal/artifacts/dsl/dependencies/DefaultDependencyConstraintHandler_DecoratedCustomizer> (0x000000008be56ac8) 
thrown [s\src\hotspot\share\classfile\systemDictionary.cpp, line 313]
Event: 130.462 Thread 0x000002077f3470b0 Exception <a 'java/lang/ClassNotFoundException'{0x000000008beba320}: org/gradle/api/internal/artifacts/dependencies/DefaultDependencyConstraint_DecoratedBeanInfo> (0x000000008beba320) 
thrown [s\src\hotspot\share\classfile\systemDictionary.cpp, line 313]
Event: 130.464 Thread 0x000002077f3470b0 Exception <a 'java/lang/ClassNotFoundException'{0x000000008bed59d0}: org/gradle/api/internal/artifacts/dependencies/DefaultDependencyConstraintBeanInfo> (0x000000008bed59d0) 
thrown [s\src\hotspot\share\classfile\systemDictionary.cpp, line 313]
Event: 130.466 Thread 0x000002077f3470b0 Exception <a 'java/lang/ClassNotFoundException'{0x000000008bef12c8}: org/gradle/api/internal/artifacts/dependencies/DefaultDependencyConstraintCustomizer> (0x000000008bef12c8) 
thrown [s\src\hotspot\share\classfile\systemDictionary.cpp, line 313]
Event: 130.469 Thread 0x000002077f3470b0 Exception <a 'java/lang/ClassNotFoundException'{0x000000008bd1f058}: org/gradle/api/internal/artifacts/dependencies/DefaultDependencyConstraint_DecoratedCustomizer> (0x000000008bd1f058) 
thrown [s\src\hotspot\share\classfile\systemDictionary.cpp, line 313]
Event: 131.106 Thread 0x000002077f3470b0 Exception <a 'java/lang/NoSuchMethodError'{0x000000008b5537a0}: 'void java.lang.invoke.Invokers$Holder.invokeExact_MT(java.lang.Object, java.lang.Object, int, java.lang.Object)'> (0x000000008b5537a0) 
thrown [s\src\hotspot\share\interpreter\linkResolver.cpp, line 773]
Event: 132.706 Thread 0x000002077f3470b0 Exception <a 'java/lang/ClassNotFoundException'{0x000000008a46b250}: build_d9a0q6e7z1a1y1r8q37ys22zxBeanInfo> (0x000000008a46b250) 
thrown [s\src\hotspot\share\classfile\systemDictionary.cpp, line 313]
Event: 132.707 Thread 0x000002077f3470b0 Exception <a 'java/lang/ClassNotFoundException'{0x000000008a471748}: build_d9a0q6e7z1a1y1r8q37ys22zxCustomizer> (0x000000008a471748) 
thrown [s\src\hotspot\share\classfile\systemDictionary.cpp, line 313]
Event: 133.958 Thread 0x000002077f3470b0 Exception <a 'java/lang/ClassNotFoundException'{0x000000008d0e96f0}: build_d9a0q6e7z1a1y1r8q37ys22zxBeanInfo> (0x000000008d0e96f0) 
thrown [s\src\hotspot\share\classfile\systemDictionary.cpp, line 313]
Event: 133.959 Thread 0x000002077f3470b0 Exception <a 'java/lang/ClassNotFoundException'{0x000000008d0efb88}: build_d9a0q6e7z1a1y1r8q37ys22zxCustomizer> (0x000000008d0efb88) 
thrown [s\src\hotspot\share\classfile\systemDictionary.cpp, line 313]
Event: 134.154 Thread 0x000002077f3470b0 Exception <a 'java/lang/ClassNotFoundException'{0x000000008db9ec58}: build_d9a0q6e7z1a1y1r8q37ys22zx$_run_closure1BeanInfo> (0x000000008db9ec58) 
thrown [s\src\hotspot\share\classfile\systemDictionary.cpp, line 313]
Event: 134.155 Thread 0x000002077f3470b0 Exception <a 'java/lang/ClassNotFoundException'{0x000000008dba9b88}: build_d9a0q6e7z1a1y1r8q37ys22zx$_run_closure1Customizer> (0x000000008dba9b88) 
thrown [s\src\hotspot\share\classfile\systemDictionary.cpp, line 313]
Event: 134.439 Thread 0x000002077f3470b0 Exception <a 'java/lang/ClassNotFoundException'{0x000000008d740d00}: build_3bcqgfys1u1fdha224uuqxf22BeanInfo> (0x000000008d740d00) 
thrown [s\src\hotspot\share\classfile\systemDictionary.cpp, line 313]
Event: 134.439 Thread 0x000002077f3470b0 Exception <a 'java/lang/ClassNotFoundException'{0x000000008d7471f8}: build_3bcqgfys1u1fdha224uuqxf22Customizer> (0x000000008d7471f8) 
thrown [s\src\hotspot\share\classfile\systemDictionary.cpp, line 313]
Event: 135.142 Thread 0x000002077f3470b0 Exception <a 'java/lang/ClassNotFoundException'{0x000000008eeb8ed0}: build_3bcqgfys1u1fdha224uuqxf22BeanInfo> (0x000000008eeb8ed0) 
thrown [s\src\hotspot\share\classfile\systemDictionary.cpp, line 313]
Event: 135.143 Thread 0x000002077f3470b0 Exception <a 'java/lang/ClassNotFoundException'{0x000000008eebf368}: build_3bcqgfys1u1fdha224uuqxf22Customizer> (0x000000008eebf368) 
thrown [s\src\hotspot\share\classfile\systemDictionary.cpp, line 313]
Event: 135.608 Thread 0x000002077f3470b0 Exception <a 'java/lang/ClassNotFoundException'{0x000000008e88b998}: build_3bcqgfys1u1fdha224uuqxf22$_run_closure1BeanInfo> (0x000000008e88b998) 
thrown [s\src\hotspot\share\classfile\systemDictionary.cpp, line 313]
Event: 135.614 Thread 0x000002077f3470b0 Exception <a 'java/lang/ClassNotFoundException'{0x000000008e896d90}: build_3bcqgfys1u1fdha224uuqxf22$_run_closure1Customizer> (0x000000008e896d90) 
thrown [s\src\hotspot\share\classfile\systemDictionary.cpp, line 313]

ZGC Phase Switch (0 events):
No events

VM Operations (20 events):
Event: 129.266 Executing safepoint VM operation: Cleanup done
Event: 130.269 Executing safepoint VM operation: Cleanup
Event: 130.270 Executing safepoint VM operation: Cleanup done
Event: 130.966 Executing non-safepoint VM operation: HandshakeAllThreads (Deoptimize)
Event: 130.966 Executing non-safepoint VM operation: HandshakeAllThreads (Deoptimize) done
Event: 131.972 Executing safepoint VM operation: Cleanup
Event: 131.973 Executing safepoint VM operation: Cleanup done
Event: 132.975 Executing safepoint VM operation: Cleanup
Event: 132.975 Executing safepoint VM operation: Cleanup done
Event: 133.321 Executing safepoint VM operation: G1CollectForAllocation (G1 Evacuation Pause)
Event: 133.341 Executing safepoint VM operation: G1CollectForAllocation (G1 Evacuation Pause) done
Event: 134.026 Executing safepoint VM operation: G1TryInitiateConcMark (G1 Humongous Allocation)
Event: 134.041 Executing safepoint VM operation: G1TryInitiateConcMark (G1 Humongous Allocation) done
Event: 134.483 Executing safepoint VM operation: G1PauseRemark
Event: 134.528 Executing safepoint VM operation: G1PauseRemark done
Event: 134.727 Executing safepoint VM operation: G1PauseCleanup
Event: 134.727 Executing safepoint VM operation: G1PauseCleanup done
Event: 135.734 Executing safepoint VM operation: Cleanup
Event: 135.766 Executing safepoint VM operation: Cleanup done
Event: 136.543 Executing safepoint VM operation: G1CollectForAllocation (G1 Evacuation Pause)

Memory protections (0 events):
No events

Nmethod flushes (20 events):
Event: 134.526 Thread 0x000002077cb35440 flushing  nmethod 0x000002076be1b110
Event: 134.526 Thread 0x000002077cb35440 flushing  nmethod 0x000002076be1ef10
Event: 134.526 Thread 0x000002077cb35440 flushing  nmethod 0x000002076be1f590
Event: 134.526 Thread 0x000002077cb35440 flushing  nmethod 0x000002076be22110
Event: 134.526 Thread 0x000002077cb35440 flushing  nmethod 0x000002076be7da10
Event: 134.526 Thread 0x000002077cb35440 flushing  nmethod 0x000002076bf00b90
Event: 134.526 Thread 0x000002077cb35440 flushing  nmethod 0x000002076bf75290
Event: 134.526 Thread 0x000002077cb35440 flushing  nmethod 0x000002076bf77890
Event: 134.526 Thread 0x000002077cb35440 flushing  nmethod 0x000002076bf78290
Event: 134.526 Thread 0x000002077cb35440 flushing  nmethod 0x000002076bf78610
Event: 134.526 Thread 0x000002077cb35440 flushing  nmethod 0x000002076c06d010
Event: 134.526 Thread 0x000002077cb35440 flushing  nmethod 0x000002076c125c10
Event: 134.526 Thread 0x000002077cb35440 flushing  nmethod 0x000002076c1de610
Event: 134.526 Thread 0x000002077cb35440 flushing  nmethod 0x000002076c284b10
Event: 134.526 Thread 0x000002077cb35440 flushing  nmethod 0x000002076c2b7710
Event: 134.526 Thread 0x000002077cb35440 flushing  nmethod 0x000002076c2bd790
Event: 134.526 Thread 0x000002077cb35440 flushing  nmethod 0x000002076c301c10
Event: 134.526 Thread 0x000002077cb35440 flushing  nmethod 0x000002076c3bde90
Event: 134.526 Thread 0x000002077cb35440 flushing  nmethod 0x000002076c44d810
Event: 134.526 Thread 0x000002077cb35440 flushing  nmethod 0x000002076c64cb10

Events (20 events):
Event: 117.698 Thread 0x000002077f3470b0 Thread added: 0x0000020729efb6f0
Event: 117.703 Thread 0x000002077f3470b0 Thread added: 0x0000020729efd130
Event: 117.957 Thread 0x000002077cb54710 Thread added: 0x00000207241b6840
Event: 119.148 Thread 0x00000207241b6840 Thread exited: 0x00000207241b6840
Event: 122.462 Thread 0x000002077cb54710 Thread added: 0x00000207241b6f10
Event: 122.936 Thread 0x00000207241b6f10 Thread exited: 0x00000207241b6f10
Event: 124.914 Thread 0x000002077f3470b0 Thread added: 0x0000020729f00c40
Event: 124.915 Thread 0x000002077f3470b0 Thread added: 0x0000020729efeb70
Event: 124.917 Thread 0x000002077f3470b0 Thread added: 0x0000020729f01960
Event: 128.879 Thread 0x000002077f3470b0 Thread added: 0x000002072323e040
Event: 128.891 Thread 0x000002077f3470b0 Thread added: 0x0000020723238af0
Event: 128.894 Thread 0x000002077f3470b0 Thread added: 0x0000020723237dd0
Event: 133.514 Thread 0x000002077f3470b0 Thread added: 0x000002072323b250
Event: 133.514 Thread 0x000002077f3470b0 Thread added: 0x000002072323b8e0
Event: 133.515 Thread 0x000002077f3470b0 Thread added: 0x000002072323bf70
Event: 134.355 Thread 0x0000020720da7ce0 Thread exited: 0x0000020720da7ce0
Event: 134.843 Thread 0x000002077f3470b0 Thread added: 0x0000020722086f10
Event: 134.843 Thread 0x000002077f3470b0 Thread added: 0x000002072208c460
Event: 134.844 Thread 0x000002077f3470b0 Thread added: 0x000002072a87b730
Event: 136.455 Thread 0x000002077f2c3610 Thread exited: 0x000002077f2c3610


Dynamic libraries:
0x00007ff779250000 - 0x00007ff77925e000 	C:\Users\PC-001\.vscode\extensions\redhat.java-1.56.0-win32-x64\jre\21.0.12.1-win32-x86_64\bin\java.exe
0x00007ff8c5f50000 - 0x00007ff8c6148000 	C:\WINDOWS\SYSTEM32\ntdll.dll
0x00007ff8c4630000 - 0x00007ff8c46f2000 	C:\WINDOWS\System32\KERNEL32.DLL
0x00007ff8c3880000 - 0x00007ff8c3b76000 	C:\WINDOWS\System32\KERNELBASE.dll
0x00007ff8c3e70000 - 0x00007ff8c3f70000 	C:\WINDOWS\System32\ucrtbase.dll
0x00007ff8afa00000 - 0x00007ff8afa18000 	C:\Users\PC-001\.vscode\extensions\redhat.java-1.56.0-win32-x64\jre\21.0.12.1-win32-x86_64\bin\jli.dll
0x00007ff8c5330000 - 0x00007ff8c54d1000 	C:\WINDOWS\System32\USER32.dll
0x00007ff8c3690000 - 0x00007ff8c36b2000 	C:\WINDOWS\System32\win32u.dll
0x00007ff8c5190000 - 0x00007ff8c51bb000 	C:\WINDOWS\System32\GDI32.dll
0x00007ff8c36c0000 - 0x00007ff8c37d9000 	C:\WINDOWS\System32\gdi32full.dll
0x00007ff8c37e0000 - 0x00007ff8c387d000 	C:\WINDOWS\System32\msvcp_win.dll
0x00007ff8af7c0000 - 0x00007ff8af7de000 	C:\Users\PC-001\.vscode\extensions\redhat.java-1.56.0-win32-x64\jre\21.0.12.1-win32-x86_64\bin\VCRUNTIME140.dll
0x00007ff8b45f0000 - 0x00007ff8b488b000 	C:\WINDOWS\WinSxS\amd64_microsoft.windows.common-controls_6595b64144ccf1df_6.0.19041.6456_none_60b8a6cb71f64256\COMCTL32.dll
0x00007ff8c5030000 - 0x00007ff8c50ce000 	C:\WINDOWS\System32\msvcrt.dll
0x00007ff8c5ee0000 - 0x00007ff8c5f0f000 	C:\WINDOWS\System32\IMM32.DLL
0x00007ff8c3010000 - 0x00007ff8c3047000 	C:\WINDOWS\system32\DriverStore\FileRepository\nvacwu.inf_amd64_9d2734742a07f3cf\nvinitx.dll
0x00007ff8c50d0000 - 0x00007ff8c5181000 	C:\WINDOWS\System32\ADVAPI32.dll
0x00007ff8c4e70000 - 0x00007ff8c4f0f000 	C:\WINDOWS\System32\sechost.dll
0x00007ff8c56f0000 - 0x00007ff8c5810000 	C:\WINDOWS\System32\RPCRT4.dll
0x00007ff8c3c60000 - 0x00007ff8c3c87000 	C:\WINDOWS\System32\bcrypt.dll
0x00007ff8c3000000 - 0x00007ff8c300a000 	C:\WINDOWS\SYSTEM32\VERSION.dll
0x00007ff8c4700000 - 0x00007ff8c4e70000 	C:\WINDOWS\System32\Shell32.dll
0x00007ff8c15c0000 - 0x00007ff8c1d65000 	C:\WINDOWS\SYSTEM32\windows.storage.dll
0x00007ff8c3f70000 - 0x00007ff8c42c4000 	C:\WINDOWS\System32\combase.dll
0x00007ff8c2e70000 - 0x00007ff8c2e9b000 	C:\WINDOWS\SYSTEM32\Wldp.dll
0x00007ff8c4560000 - 0x00007ff8c462d000 	C:\WINDOWS\System32\OLEAUT32.dll
0x00007ff8c5630000 - 0x00007ff8c56dd000 	C:\WINDOWS\System32\SHCORE.dll
0x00007ff8c55d0000 - 0x00007ff8c562b000 	C:\WINDOWS\System32\shlwapi.dll
0x0000000056af0000 - 0x0000000056af6000 	C:\Program Files\NVIDIA Corporation\CoProcManager\_etoured.dll
0x00007ff8b21e0000 - 0x00007ff8b2224000 	C:\Program Files\NVIDIA Corporation\CoProcManager\nvd3d9wrapx.dll
0x00007ff8c5940000 - 0x00007ff8c5db0000 	C:\WINDOWS\System32\SETUPAPI.dll
0x00007ff8c3c10000 - 0x00007ff8c3c5e000 	C:\WINDOWS\System32\cfgmgr32.dll
0x00007ff8b1f60000 - 0x00007ff8b1f8e000 	C:\Program Files\NVIDIA Corporation\CoProcManager\nvdxgiwrapx.dll
0x00007ff8beb30000 - 0x00007ff8beb3c000 	C:\Users\PC-001\.vscode\extensions\redhat.java-1.56.0-win32-x64\jre\21.0.12.1-win32-x86_64\bin\vcruntime140_1.dll
0x00007ff88fba0000 - 0x00007ff88fc2d000 	C:\Users\PC-001\.vscode\extensions\redhat.java-1.56.0-win32-x64\jre\21.0.12.1-win32-x86_64\bin\msvcp140.dll
0x00007ff883f00000 - 0x00007ff884ca2000 	C:\Users\PC-001\.vscode\extensions\redhat.java-1.56.0-win32-x64\jre\21.0.12.1-win32-x86_64\bin\server\jvm.dll
0x00007ff8c5560000 - 0x00007ff8c55cb000 	C:\WINDOWS\System32\WS2_32.dll
0x00007ff8c3390000 - 0x00007ff8c33db000 	C:\WINDOWS\SYSTEM32\POWRPROF.dll
0x00007ff8b4a90000 - 0x00007ff8b4ab7000 	C:\WINDOWS\SYSTEM32\WINMM.dll
0x00007ff8c3370000 - 0x00007ff8c3382000 	C:\WINDOWS\SYSTEM32\UMPDC.dll
0x00007ff8c13c0000 - 0x00007ff8c13d2000 	C:\WINDOWS\SYSTEM32\kernel.appcore.dll
0x00007ff8beae0000 - 0x00007ff8beaea000 	C:\Users\PC-001\.vscode\extensions\redhat.java-1.56.0-win32-x64\jre\21.0.12.1-win32-x86_64\bin\jimage.dll
0x00007ff8b4b30000 - 0x00007ff8b4d31000 	C:\WINDOWS\SYSTEM32\DBGHELP.DLL
0x00007ff8abf30000 - 0x00007ff8abf64000 	C:\WINDOWS\SYSTEM32\dbgcore.DLL
0x00007ff8c3b80000 - 0x00007ff8c3c02000 	C:\WINDOWS\System32\bcryptPrimitives.dll
0x00007ff8bd130000 - 0x00007ff8bd13f000 	C:\Users\PC-001\.vscode\extensions\redhat.java-1.56.0-win32-x64\jre\21.0.12.1-win32-x86_64\bin\instrument.dll
0x00007ff8af6b0000 - 0x00007ff8af6d0000 	C:\Users\PC-001\.vscode\extensions\redhat.java-1.56.0-win32-x64\jre\21.0.12.1-win32-x86_64\bin\java.dll
0x00007ff8c3510000 - 0x00007ff8c3534000 	C:\WINDOWS\SYSTEM32\profapi.dll
0x00007ff8ad280000 - 0x00007ff8ad298000 	C:\Users\PC-001\.vscode\extensions\redhat.java-1.56.0-win32-x64\jre\21.0.12.1-win32-x86_64\bin\zip.dll
0x00007ff8bcf20000 - 0x00007ff8bcf30000 	C:\Users\PC-001\.vscode\extensions\redhat.java-1.56.0-win32-x64\jre\21.0.12.1-win32-x86_64\bin\net.dll
0x00007ff8bae20000 - 0x00007ff8baf2a000 	C:\WINDOWS\SYSTEM32\WINHTTP.dll
0x00007ff8c2be0000 - 0x00007ff8c2c4a000 	C:\WINDOWS\system32\mswsock.dll
0x00007ff8abc80000 - 0x00007ff8abc96000 	C:\Users\PC-001\.vscode\extensions\redhat.java-1.56.0-win32-x64\jre\21.0.12.1-win32-x86_64\bin\nio.dll
0x00007ff8bbe10000 - 0x00007ff8bbe20000 	C:\Users\PC-001\.vscode\extensions\redhat.java-1.56.0-win32-x64\jre\21.0.12.1-win32-x86_64\bin\verify.dll
0x00007ff8bd140000 - 0x00007ff8bd167000 	C:\Users\PC-001\.gradle\native\c067742578af261105cb4f569cf0c3c89f3d7b1fecec35dd04571415982c5e48\windows-amd64\native-platform.dll
0x00007ff8bcfa0000 - 0x00007ff8bd0e4000 	C:\Users\PC-001\.gradle\native\38dada09dfb8b06ba9b0570ebf7e218e3eb74d4ef43ca46872605cf95ebc2f47\windows-amd64\native-platform-file-events.dll
0x00007ff8bbc50000 - 0x00007ff8bbc5a000 	C:\Users\PC-001\.vscode\extensions\redhat.java-1.56.0-win32-x64\jre\21.0.12.1-win32-x86_64\bin\management.dll
0x00007ff8b1a10000 - 0x00007ff8b1a1c000 	C:\Users\PC-001\.vscode\extensions\redhat.java-1.56.0-win32-x64\jre\21.0.12.1-win32-x86_64\bin\management_ext.dll
0x00007ff8c56e0000 - 0x00007ff8c56e8000 	C:\WINDOWS\System32\PSAPI.DLL
0x00007ff8c3210000 - 0x00007ff8c3228000 	C:\WINDOWS\SYSTEM32\CRYPTSP.dll
0x00007ff8c2520000 - 0x00007ff8c2558000 	C:\WINDOWS\system32\rsaenh.dll
0x00007ff8c3490000 - 0x00007ff8c34be000 	C:\WINDOWS\SYSTEM32\USERENV.dll
0x00007ff8c2d70000 - 0x00007ff8c2d7c000 	C:\WINDOWS\SYSTEM32\CRYPTBASE.dll
0x00007ff8c28e0000 - 0x00007ff8c291b000 	C:\WINDOWS\SYSTEM32\IPHLPAPI.DLL
0x00007ff8c5ed0000 - 0x00007ff8c5ed8000 	C:\WINDOWS\System32\NSI.dll
0x00007ff8bfe10000 - 0x00007ff8bfe19000 	C:\Users\PC-001\.vscode\extensions\redhat.java-1.56.0-win32-x64\jre\21.0.12.1-win32-x86_64\bin\extnet.dll
0x00007ff8b0530000 - 0x00007ff8b053e000 	C:\Users\PC-001\.vscode\extensions\redhat.java-1.56.0-win32-x64\jre\21.0.12.1-win32-x86_64\bin\sunmscapi.dll
0x00007ff8c3d10000 - 0x00007ff8c3e6d000 	C:\WINDOWS\System32\CRYPT32.dll
0x00007ff8c2ee0000 - 0x00007ff8c2f07000 	C:\WINDOWS\SYSTEM32\ncrypt.dll
0x00007ff8c2ea0000 - 0x00007ff8c2edb000 	C:\WINDOWS\SYSTEM32\NTASN1.dll
0x00007ff8bcf80000 - 0x00007ff8bcf87000 	C:\WINDOWS\system32\wshunix.dll
0x00007ff8a8980000 - 0x00007ff8a8997000 	C:\WINDOWS\system32\napinsp.dll
0x00007ff8a8960000 - 0x00007ff8a897b000 	C:\WINDOWS\system32\pnrpnsp.dll
0x00007ff8a8940000 - 0x00007ff8a895d000 	C:\WINDOWS\system32\wshbth.dll
0x00007ff8bf830000 - 0x00007ff8bf84d000 	C:\WINDOWS\system32\NLAapi.dll
0x00007ff8c2920000 - 0x00007ff8c29ea000 	C:\WINDOWS\SYSTEM32\DNSAPI.dll
0x00007ff8a8920000 - 0x00007ff8a8932000 	C:\WINDOWS\System32\winrnr.dll
0x00007ff8b5d10000 - 0x00007ff8b5d1a000 	C:\Windows\System32\rasadhlp.dll
0x00007ff8b6250000 - 0x00007ff8b62d0000 	C:\WINDOWS\System32\fwpuclnt.dll

JVMTI agents:
C:\Users\PC-001\.gradle\wrapper\dists\gradle-8.6-all\3mbtmo166bl6vumsh5k2lkq5h\gradle-8.6\lib\agents\gradle-instrumentation-agent-8.6.jar path:C:\Users\PC-001\.vscode\extensions\redhat.java-1.56.0-win32-x64\jre\21.0.12.1-win32-x86_64\bin\instrument.dll, loaded, initialized, instrumentlib options:none

dbghelp: loaded successfully - version: 4.0.5 - missing functions: none
symbol engine: initialized successfully - sym options: 0x614 - pdb path: .;C:\Users\PC-001\.vscode\extensions\redhat.java-1.56.0-win32-x64\jre\21.0.12.1-win32-x86_64\bin;C:\WINDOWS\SYSTEM32;C:\WINDOWS\WinSxS\amd64_microsoft.windows.common-controls_6595b64144ccf1df_6.0.19041.6456_none_60b8a6cb71f64256;C:\WINDOWS\system32\DriverStore\FileRepository\nvacwu.inf_amd64_9d2734742a07f3cf;C:\Program Files\NVIDIA Corporation\CoProcManager;C:\Users\PC-001\.vscode\extensions\redhat.java-1.56.0-win32-x64\jre\21.0.12.1-win32-x86_64\bin\server;C:\Users\PC-001\.gradle\native\c067742578af261105cb4f569cf0c3c89f3d7b1fecec35dd04571415982c5e48\windows-amd64;C:\Users\PC-001\.gradle\native\38dada09dfb8b06ba9b0570ebf7e218e3eb74d4ef43ca46872605cf95ebc2f47\windows-amd64

VM Arguments:
jvm_args: -XX:MaxMetaspaceSize=512m --add-opens=java.base/java.util=ALL-UNNAMED --add-opens=java.base/java.lang=ALL-UNNAMED --add-opens=java.base/java.lang.invoke=ALL-UNNAMED --add-opens=java.prefs/java.util.prefs=ALL-UNNAMED --add-opens=java.base/java.nio.charset=ALL-UNNAMED --add-opens=java.base/java.net=ALL-UNNAMED --add-opens=java.base/java.util.concurrent.atomic=ALL-UNNAMED -Xmx2048m -Dfile.encoding=utf8 -Duser.country=US -Duser.language=en -Duser.variant -javaagent:C:\Users\PC-001\.gradle\wrapper\dists\gradle-8.6-all\3mbtmo166bl6vumsh5k2lkq5h\gradle-8.6\lib\agents\gradle-instrumentation-agent-8.6.jar 
java_command: org.gradle.launcher.daemon.bootstrap.GradleDaemon 8.6
java_class_path (initial): C:\Users\PC-001\.gradle\wrapper\dists\gradle-8.6-all\3mbtmo166bl6vumsh5k2lkq5h\gradle-8.6\lib\gradle-launcher-8.6.jar
Launcher Type: SUN_STANDARD

[Global flags]
     intx CICompilerCount                          = 3                                         {product} {ergonomic}
   size_t CompressedClassSpaceSize                 = 436207616                                 {product} {ergonomic}
     uint ConcGCThreads                            = 1                                         {product} {ergonomic}
     uint G1ConcRefinementThreads                  = 4                                         {product} {ergonomic}
   size_t G1HeapRegionSize                         = 1048576                                   {product} {ergonomic}
    uintx GCDrainStackTargetSize                   = 64                                        {product} {ergonomic}
   size_t InitialHeapSize                          = 132120576                                 {product} {ergonomic}
   size_t MarkStackSize                            = 4194304                                   {product} {ergonomic}
   size_t MaxHeapSize                              = 2147483648                                {product} {command line}
   size_t MaxMetaspaceSize                         = 536870912                                 {product} {command line}
   size_t MaxNewSize                               = 1287651328                                {product} {ergonomic}
   size_t MinHeapDeltaBytes                        = 1048576                                   {product} {ergonomic}
   size_t MinHeapSize                              = 8388608                                   {product} {ergonomic}
    uintx NonNMethodCodeHeapSize                   = 5832780                                {pd product} {ergonomic}
    uintx NonProfiledCodeHeapSize                  = 122912730                              {pd product} {ergonomic}
    uintx ProfiledCodeHeapSize                     = 122912730                              {pd product} {ergonomic}
    uintx ReservedCodeCacheSize                    = 251658240                              {pd product} {ergonomic}
     bool SegmentedCodeCache                       = true                                      {product} {ergonomic}
   size_t SoftMaxHeapSize                          = 2147483648                             {manageable} {ergonomic}
     bool UseCompressedOops                        = true                           {product lp64_product} {ergonomic}
     bool UseG1GC                                  = true                                      {product} {ergonomic}
     bool UseLargePagesIndividualAllocation        = false                                  {pd product} {ergonomic}

Logging:
Log output configuration:
 #0: stdout all=warning uptime,level,tags foldmultilines=false
 #1: stderr all=off uptime,level,tags foldmultilines=false

Release file:
JAVA_VERSION="21.0.12.1" 
MODULES="java.base java.compiler java.datatransfer java.xml java.prefs java.desktop java.instrument java.logging java.management java.security.sasl java.naming java.rmi java.management.rmi java.net.http java.scripting java.security.jgss java.transaction.xa java.sql java.sql.rowset java.xml.crypto java.se java.smartcardio jdk.accessibility jdk.internal.jvmstat jdk.attach jdk.charsets jdk.internal.opt jdk.zipfs jdk.compiler jdk.crypto.ec jdk.crypto.cryptoki jdk.crypto.mscapi jdk.dynalink jdk.internal.ed jdk.editpad jdk.hotspot.agent jdk.httpserver jdk.internal.le jdk.internal.vm.ci jdk.internal.vm.compiler jdk.internal.vm.compiler.management jdk.jartool jdk.javadoc jdk.jcmd jdk.management jdk.management.agent jdk.jconsole jdk.jdeps jdk.jdwp.agent jdk.jdi jdk.jfr jdk.jshell jdk.jsobject jdk.jstatd jdk.localedata jdk.management.jfr jdk.naming.dns jdk.naming.rmi jdk.net jdk.nio.mapmode jdk.random jdk.sctp jdk.security.auth jdk.security.jgss jdk.unsupported jdk.unsupported.desktop jdk.xml.dom" 

Environment Variables:
JAVA_HOME=C:\Program Files\Eclipse Adoptium\jdk-17.0.20.101-hotspot
PATH=C:\Program Files\Eclipse Adoptium\jdk-17.0.20.101-hotspot\bin;C:\WINDOWS\system32;C:\WINDOWS;C:\WINDOWS\System32\Wbem;C:\WINDOWS\System32\WindowsPowerShell\v1.0\;C:\WINDOWS\System32\OpenSSH\;C:\Program Files\Git\cmd;C:\Program Files\nodejs\;C:\WINDOWS\system32;C:\WINDOWS;C:\WINDOWS\System32\Wbem;C:\WINDOWS\System32\WindowsPowerShell\v1.0\;C:\WINDOWS\System32\OpenSSH\;C:\Program Files\Git\cmd;C:\Program Files\nodejs\;C:\Users\PC-001\AppData\Local\Programs\Python\Python313\Scripts\;C:\Users\PC-001\AppData\Local\Programs\Python\Python313\;C:\Users\PC-001\AppData\Local\Programs\Python\Launcher\;C:\Users\PC-001\AppData\Local\Microsoft\WindowsApps;C:\Users\PC-001\AppData\Local\Programs\Microsoft VS Code\bin;C:\Users\PC-001\AppData\Local\GitHubDesktop\bin;C:\Users\PC-001\.gradle\jdks\eclipse_adoptium-17-amd64-windows.2\bin;C:\Users\PC-001\AppData\Roaming\npm;C:\Users\PC-001\AppData\Local\Android\Sdk\platform-tools;C:\Users\PC-001\AppData\Local\Android\Sdk\emulator
USERNAME=PC-001
OS=Windows_NT
PROCESSOR_IDENTIFIER=Intel64 Family 6 Model 42 Stepping 7, GenuineIntel
TMP=C:\Users\PC-001\AppData\Local\Temp
TEMP=C:\Users\PC-001\AppData\Local\Temp




Periodic native trim disabled

---------------  S Y S T E M  ---------------

OS:
 Windows 10 , 64 bit Build 19041 (10.0.19041.5915)
OS uptime: 0 days 1:44 hours
Hyper-V role detected

CPU: total 4 (initial active 4) (2 cores per cpu, 2 threads per core) family 6 model 42 stepping 7 microcode 0x2f, cx8, cmov, fxsr, ht, mmx, sse, sse2, sse3, ssse3, sse4.1, sse4.2, popcnt, tsc, tscinvbit, avx, aes, clmul, vzeroupper, clflush, hv, rdtscp
Processor Information for the first 4 processors :
  Max Mhz: 2501, Current Mhz: 2501, Mhz Limit: 2501

Memory: 4k page, system-wide physical 8003M (249M free)
TotalPageFile size 16195M (AvailPageFile size 6083M)
current process WorkingSet (physical memory assigned to process): 562M, peak: 562M
current process commit charge ("private bytes"): 600M, peak: 600M

vm_info: OpenJDK 64-Bit Server VM (21.0.12.1+1-LTS) for windows-amd64 JRE (21.0.12.1+1-LTS), built on 2026-08-18T00:00:00Z by "admin" with MS VC++ 17.12 (VS2022)

END.
