#
# A fatal error has been detected by the Java Runtime Environment:
#
#  EXCEPTION_ACCESS_VIOLATION (0xc0000005) at pc=0x0000000000000062, pid=1128, tid=5784
#
# JRE version: OpenJDK Runtime Environment Temurin-17.0.20.1+1 (17.0.20.1+1) (build 17.0.20.1+1)
# Java VM: OpenJDK 64-Bit Server VM Temurin-17.0.20.1+1 (17.0.20.1+1, mixed mode, sharing, tiered, compressed oops, compressed class ptrs, g1 gc, windows-amd64)
# Problematic frame:
# V  [jvm.dll+0x2d8721]
#
# No core dump will be written. Minidumps are not enabled by default on client versions of Windows
#
# If you would like to submit a bug report, please visit:
#   https://github.com/adoptium/adoptium-support/issues
#

---------------  S U M M A R Y ------------

Command Line: -XX:MaxMetaspaceSize=512m --add-opens=java.base/java.util=ALL-UNNAMED --add-opens=java.base/java.lang=ALL-UNNAMED --add-opens=java.base/java.lang.invoke=ALL-UNNAMED --add-opens=java.prefs/java.util.prefs=ALL-UNNAMED --add-opens=java.base/java.nio.charset=ALL-UNNAMED --add-opens=java.base/java.net=ALL-UNNAMED --add-opens=java.base/java.util.concurrent.atomic=ALL-UNNAMED -Xmx2048m -Dfile.encoding=windows-1252 -Duser.country=US -Duser.language=en -Duser.variant -javaagent:C:\Users\PC-001\.gradle\wrapper\dists\gradle-8.6-all\3mbtmo166bl6vumsh5k2lkq5h\gradle-8.6\lib\agents\gradle-instrumentation-agent-8.6.jar org.gradle.launcher.daemon.bootstrap.GradleDaemon 8.6

Host: Intel(R) Core(TM) i5-2450M CPU @ 2.50GHz, 4 cores, 7G,  Windows 10 , 64 bit Build 19041 (10.0.19041.5915)
Time: Fri Sep 18 21:35:29 2026 SE Asia Standard Time elapsed time: 9211.865653 seconds (0d 2h 33m 31s)

---------------  T H R E A D  ---------------

Current thread (0x0000019b685eb760):  ConcurrentGCThread "G1 Conc#0" [stack: 0x0000000558700000,0x0000000558800000] [id=5784]

Stack: [0x0000000558700000,0x0000000558800000],  sp=0x00000005587ff6a0,  free space=1021k
Native frames: (J=compiled Java code, j=interpreted, Vv=VM code, C=native code)
C  0x0000000000000062


siginfo: EXCEPTION_ACCESS_VIOLATION (0xc0000005), data execution prevention violation at address 0x0000000000000062


Registers:
RAX=0x00007ffcea041de0, RBX=0x000000000e53504c, RCX=0x00000005587ff760, RDX=0x0000000089a42e98
RSP=0x00000005587ff698, RBP=0x00000005587ff760, RSI=0x0000000089a42e98, RDI=0x0000019b02006728
R8 =0x0000019b02006728, R9 =0x000000000000019b, R10=0x0000019b00000000, R11=0x000000000e53504c
R12=0x0000000000000000, R13=0x0000000000000000, R14=0x0000000000000040, R15=0x0000000000000000
RIP=0x0000000000000062, EFLAGS=0x0000000000010202

XMM[0]=0x0000000000000000 0x0000000000000000
XMM[1]=0x0000000000000000 0x0000000000000000
XMM[2]=0x0000000000000000 0x0000000000000000
XMM[3]=0x0000000000000000 0x0000000000000000
XMM[4]=0x0000000000000000 0x0000000000000000
XMM[5]=0x0000000000000000 0x0000000000000000
XMM[6]=0x0000000000000000 0x3ff18c7dc9c32c60
XMM[7]=0x0000000000000000 0x408f400000000000
XMM[8]=0x0000000000000000 0x0000000000000000
XMM[9]=0x0000000000000000 0x0000000000000000
XMM[10]=0x0000000000000000 0x0000000000000000
XMM[11]=0x0000000000000000 0x0000000000000000
XMM[12]=0x0000000000000000 0x0000000000000000
XMM[13]=0x0000000000000000 0x0000000000000000
XMM[14]=0x0000000000000000 0x0000000000000000
XMM[15]=0x0000000000000000 0x0000000000000000
  MXCSR=0x00001fa0


Register to memory mapping:

RIP=0x0000000000000062 is an unknown value
RAX=0x00007ffcea041de0 jvm.dll
RBX=0x000000000e53504c is an unknown value
RCX=0x00000005587ff760 points into unknown readable memory: 0x00007ffce9e7ac68 | 68 ac e7 e9 fc 7f 00 00
RDX=0x0000000089a42e98 points into unknown readable memory: 0x0000000000000009 | 09 00 00 00 00 00 00 00
RSP=0x00000005587ff698 points into unknown readable memory: 0x00007ffce97f8721 | 21 87 7f e9 fc 7f 00 00
RBP=0x00000005587ff760 points into unknown readable memory: 0x00007ffce9e7ac68 | 68 ac e7 e9 fc 7f 00 00
RSI=0x0000000089a42e98 points into unknown readable memory: 0x0000000000000009 | 09 00 00 00 00 00 00 00
RDI=0x0000019b02006728 is pointing into metadata
R8 =0x0000019b02006728 is pointing into metadata
R9 =0x000000000000019b is an unknown value
R10=0x0000019b00000000 is pointing into metadata
R11=0x000000000e53504c is an unknown value
R12=0x0 is NULL
R13=0x0 is NULL
R14=0x0000000000000040 is an unknown value
R15=0x0 is NULL


Top of Stack: (sp=0x00000005587ff698)
0x00000005587ff698:   00007ffce97f8721 0000019b0000e9e0
0x00000005587ff6a8:   0000000000000003 00000005587ff760
0x00000005587ff6b8:   0000000000000000 0000019b4ceeee20
0x00000005587ff6c8:   00007ffce980bf04 0000000089a42e98
0x00000005587ff6d8:   000000000000007f 0000019b685ec710
0x00000005587ff6e8:   0000019b4cec1bc0 0000000000000001
0x00000005587ff6f8:   0000000000000000 0000019b4ce8b4c0
0x00000005587ff708:   00000005586ff501 0000019b4ceeee20
0x00000005587ff718:   00007ffce980b250 0000000089aa8ef0
0x00000005587ff728:   0000019b4ceeeef0 0000019b4ceeeeb8
0x00000005587ff738:   0000000000000000 0000019b4cee2c00
0x00000005587ff748:   0000019b4ceeee20 000000008a800000
0x00000005587ff758:   0000000000020000 00007ffce9e7ac68
0x00000005587ff768:   0000019b4cedb650 0000000500000003
0x00000005587ff778:   0000019b4ceb7f60 0000019b4ceeee20
0x00000005587ff788:   00007ffce9b9e0cc c215b08487fa0f5c
0x00000005587ff798:   0000000000000000 0000000000000000
0x00000005587ff7a8:   0000000000000000 0000019b685eba20
0x00000005587ff7b8:   0000019b685eb760 0000019b685eba30
0x00000005587ff7c8:   0000019b4ceeee20 0000019b4ceeeef0
0x00000005587ff7d8:   00007ffce980ee26 00000019c43bea2d
0x00000005587ff7e8:   00000005586ff5b0 0000019b4ce8b4c0
0x00000005587ff7f8:   0000000000000000 0000000000000000
0x00000005587ff808:   0000000000000000 0000000000000000
0x00000005587ff818:   0000019b685eb760 0000000000000000
0x00000005587ff828:   0000000000000000 00000005586ff5b0
0x00000005587ff838:   0000019b685eb760 0000000000000000
0x00000005587ff848:   00007ffce9d8824b 00000000000003d8
0x00000005587ff858:   0000000000000001 0000019b685ebe08
0x00000005587ff868:   00000005586ff5b0 00000000000075a3
0x00000005587ff878:   00007ffce9d88296 0000019b685eb760
0x00000005587ff888:   00000005ffffffff 0000019b4cea2730 

Instructions: (pc=0x00007ffce97f8721)
0x00007ffce97f8621:   4c 8d 0d b8 08 00 00 49 0f 45 c1 48 89 05 d5 97
0x00007ffce97f8631:   84 00 49 3b c2 0f 84 e4 07 00 00 48 ff e0 cc 48
0x00007ffce97f8641:   83 ec 38 80 3d 99 4f 8b 00 00 4c 8d 1d ae 18 d3
0x00007ffce97f8651:   ff 41 0f 10 01 49 8b c3 4c 8d 15 a0 18 d3 ff 49
0x00007ffce97f8661:   0f 45 c2 48 89 05 65 97 84 00 0f 29 44 24 20 49
0x00007ffce97f8671:   3b c3 74 07 4c 8d 4c 24 20 ff d0 48 83 c4 38 c3
0x00007ffce97f8681:   cc cc cc cc cc cc cc cc cc cc cc cc cc cc cc 80
0x00007ffce97f8691:   3d 4d 4f 8b 00 00 4c 8d 15 62 18 d3 ff 49 8b c2
0x00007ffce97f86a1:   4c 8d 0d 58 18 d3 ff 49 0f 45 c1 48 89 05 4d 97
0x00007ffce97f86b1:   84 00 49 3b c2 74 03 48 ff e0 c3 cc cc cc cc 48
0x00007ffce97f86c1:   89 5c 24 08 48 89 6c 24 10 48 89 74 24 18 57 48
0x00007ffce97f86d1:   83 ec 20 80 3d 0a 4f 8b 00 00 48 8b ea 48 8b f1
0x00007ffce97f86e1:   74 15 8b 79 08 8b 0d 2c 8c 84 00 48 d3 e7 48 03
0x00007ffce97f86f1:   3d 1a 8c 84 00 eb 04 48 8b 79 08 48 8b d7 48 8b
0x00007ffce97f8701:   ce e8 c9 43 d3 ff 4c 63 4f 0c 8b d8 48 8d 05 cc
0x00007ffce97f8711:   96 84 00 4c 8b c7 48 8b d6 48 8b cd 42 ff 14 c8
0x00007ffce97f8721:   48 8b 6c 24 38 8b c3 48 8b 5c 24 30 48 8b 74 24
0x00007ffce97f8731:   40 48 83 c4 20 5f c3 cc cc cc cc cc cc cc cc 40
0x00007ffce97f8741:   55 48 83 ec 30 48 89 5c 24 40 48 8b e9 49 8b d8
0x00007ffce97f8751:   48 89 74 24 48 44 8b 41 10 45 33 c9 4c 89 74 24
0x00007ffce97f8761:   28 4c 89 7c 24 20 4c 8b fa 48 8b d1 48 8b 8b 98
0x00007ffce97f8771:   00 00 00 e8 97 d6 f1 ff 4c 63 93 a0 00 00 00 4c
0x00007ffce97f8781:   63 8b 24 01 00 00 49 83 c2 39 8b 83 20 01 00 00
0x00007ffce97f8791:   4d 03 d1 49 03 c2 4a 8d 34 d3 4c 8d 34 c3 49 3b
0x00007ffce97f87a1:   f6 73 4d 48 89 7c 24 50 0f 1f 80 00 00 00 00 48
0x00007ffce97f87b1:   63 1e 8b 46 04 49 03 df 48 8d 3c c3 48 3b df 73
0x00007ffce97f87c1:   21 48 8b 4d 20 48 ff 81 b8 00 00 00 48 8b 13 48
0x00007ffce97f87d1:   85 d2 74 05 e8 e6 21 00 00 48 83 c3 08 48 3b df
0x00007ffce97f87e1:   72 df 48 83 c6 08 49 3b f6 72 c4 48 8b 7c 24 50
0x00007ffce97f87f1:   49 8b cf e8 57 e1 0b 00 4c 8b 7c 24 20 4c 8b 74
0x00007ffce97f8801:   24 28 48 8b 74 24 48 48 8b 5c 24 40 48 85 c0 74
0x00007ffce97f8811:   17 44 8b 45 10 45 33 c9 48 8b d5 48 8b c8 48 83 


Stack slot to memory mapping:
stack at sp + 0 slots: 0x0000019b0000e9e0 is a pointer to class: 
java.lang.String {0x0000019b0000e9e8}
 - instance size:     3
 - klass size:        83
 - access:            public final synchronized 
 - state:             fully_initialized
 - name:              'java/lang/String'
 - super:             'java/lang/Object'
 - sub:               
 - arrays:            'java/lang/String'[]
 - methods:           Array<T>(0x0000019b00b1be00)
 - method ordering:   Array<T>(0x0000019b00b1bb48)
 - local interfaces:  Array<T>(0x0000019b00b1bdd0)
 - trans. interfaces: Array<T>(0x0000019b00b1bdd0)
 - constants:         constant pool [1396]/operands[28] {0x0000019b00b18b98} for 'java/lang/String' cache=0x0000019b00424a08
 - class loader data:  loader data: 0x0000019b4ac5da00 of 'bootstrap'
 - source file:       'String.java'
 - class annotations:       Array<T>(0x0000000000000000)
 - class type annotations:  Array<T>(0x0000000000000000)
 - field annotations:       Array<T>(0x0000019b00b23660)
 - field type annotations:  Array<T>(0x0000000000000000)
 - generic signature: 'Ljava/lang/Object;Ljava/io/Serializable;Ljava/lang/Comparable<Ljava/lang/String;>;Ljava/lang/CharSequence;Ljava/lang/constant/Constable;Ljava/lang/constant/ConstantDesc;'
 - inner classes:     Array<T>(0x0000019b00b23600)
 - nest members:     Array<T>(0x0000019b00b18b38)
 - permitted subclasses:     Array<T>(0x0000019b005ccc20)
 - java mirror:       a 'java/lang/Class'{0x000000008013eb38} = 'java/lang/String'
 - vtable length      5  (start addr: 0x0000019b0000eba8)
 - itable length      20 (start addr: 0x0000019b0000ebd0)
 - ---- static fields (3 words):
 - private static final 'serialVersionUID' 'J' @120 
 - static final 'COMPACT_STRINGS' 'Z' @130 
 - private static final 'serialPersistentFields' '[Ljava/io/ObjectStreamField;' @112 
 - private static final 'REPL' 'C' @128 
 - public static final 'CASE_INSENSITIVE_ORDER' 'Ljava/util/Comparator;' @116 
 - static final 'LATIN1' 'B' @131 
 - static final 'UTF16' 'B' @132 
 - ---- non-static fields (3 words):
 - private 'hash' 'I' @12 
 - private final 'coder' 'B' @16 
 - private 'hashIsZero' 'Z' @17 
 - private final synchronized 'value' '[B' @20 
 - non-static oop maps: 20-20 
stack at sp + 1 slots: 0x0000000000000003 is an unknown value
stack at sp + 2 slots: 0x00000005587ff760 points into unknown readable memory: 0x00007ffce9e7ac68 | 68 ac e7 e9 fc 7f 00 00
stack at sp + 3 slots: 0x0 is NULL
stack at sp + 4 slots: 0x0000019b4ceeee20 points into unknown readable memory: 0x00007ffce9e7ac48 | 48 ac e7 e9 fc 7f 00 00
stack at sp + 5 slots: 0x00007ffce980bf04 jvm.dll
stack at sp + 6 slots: 0x0000000089a42e98 points into unknown readable memory: 0x0000000000000009 | 09 00 00 00 00 00 00 00
stack at sp + 7 slots: 0x000000000000007f is an unknown value


---------------  P R O C E S S  ---------------

Threads class SMR info:
_java_thread_list=0x0000019b7bdae8e0, length=99, elements={
0x0000019b4cea7a70, 0x0000019b687adfd0, 0x0000019b687b2cb0, 0x0000019b6abfc6d0,
0x0000019b6abfbcb0, 0x0000019b6abfc1c0, 0x0000019b6abfcbe0, 0x0000019b6ac05110,
0x0000019b6ac06fb0, 0x0000019b6abf9940, 0x0000019b6abfb7a0, 0x0000019b6abfa360,
0x0000019b6abfb290, 0x0000019b6abf9e50, 0x0000019b70e59840, 0x0000019b70e58910,
0x0000019b70e58e20, 0x0000019b71097a30, 0x0000019b71095bd0, 0x0000019b71097f40,
0x0000019b710965f0, 0x0000019b71094ca0, 0x0000019b71098e70, 0x0000019b71092e40,
0x0000019b71094280, 0x0000019b72074a70, 0x0000019b72b70350, 0x0000019b72b6ea00,
0x0000019b72b6f420, 0x0000019b71099380, 0x0000019b7b128e00, 0x0000019b7b129310,
0x0000019b72b71790, 0x0000019b72b721b0, 0x0000019b72b72bd0, 0x0000019b72b70860,
0x0000019b72b6c690, 0x0000019b72b6cba0, 0x0000019b72b6d0b0, 0x0000019b72b6e4f0,
0x0000019b72b6bc70, 0x0000019b72b70d70, 0x0000019b7b12c0a0, 0x0000019b7b12c5b0,
0x0000019b7b12cac0, 0x0000019b7b129820, 0x0000019b7b12a240, 0x0000019b7b1283e0,
0x0000019b7b12ac60, 0x0000019b7b12d4e0, 0x0000019b7b12cfd0, 0x0000019b7b12d9f0,
0x0000019b7b12df00, 0x0000019b7b12e410, 0x0000019b7b12f340, 0x0000019b7b12f850,
0x0000019b7b12fd60, 0x0000019b7b1288f0, 0x0000019b6ae02020, 0x0000019b6ae048a0,
0x0000019b6ae02530, 0x0000019b6ae01b10, 0x0000019b6ae07630, 0x0000019b6ae06c10,
0x0000019b6ae08050, 0x0000019b6ae052c0, 0x0000019b6ae08560, 0x0000019b6ae02a40,
0x0000019b6ae010f0, 0x0000019b6ae03970, 0x0000019b6ae05ce0, 0x0000019b6ae01600,
0x0000019b6ae061f0, 0x0000019b6ae06700, 0x0000019b705e4230, 0x0000019b705e79e0,
0x0000019b705e5160, 0x0000019b705e5670, 0x0000019b705e3300, 0x0000019b705e28e0,
0x0000019b705e3810, 0x0000019b705e6090, 0x0000019b705e0a80, 0x0000019b705e0f90,
0x0000019b71094790, 0x0000019b71098450, 0x0000019b71096b00, 0x0000019b71099890,
0x0000019b71097010, 0x0000019b71097520, 0x0000019b720759a0, 0x0000019b72076de0,
0x0000019b720772f0, 0x0000019b72075490, 0x0000019b72074560, 0x0000019b70e5b6a0,
0x0000019b70e5ac80, 0x0000019b70e5b190, 0x0000019b70e59330
}

Java Threads: ( => current thread )
  0x0000019b4cea7a70 JavaThread "main" [_thread_blocked, id=9112, stack(0x0000000558400000,0x0000000558500000)]
  0x0000019b687adfd0 JavaThread "Reference Handler" daemon [_thread_blocked, id=12280, stack(0x0000000558b00000,0x0000000558c00000)]
  0x0000019b687b2cb0 JavaThread "Finalizer" daemon [_thread_blocked, id=11480, stack(0x0000000558c00000,0x0000000558d00000)]
  0x0000019b6abfc6d0 JavaThread "Signal Dispatcher" daemon [_thread_blocked, id=6352, stack(0x0000000558d00000,0x0000000558e00000)]
  0x0000019b6abfbcb0 JavaThread "Attach Listener" daemon [_thread_blocked, id=4736, stack(0x0000000558e00000,0x0000000558f00000)]
  0x0000019b6abfc1c0 JavaThread "Service Thread" daemon [_thread_blocked, id=3948, stack(0x0000000558f00000,0x0000000559000000)]
  0x0000019b6abfcbe0 JavaThread "Monitor Deflation Thread" daemon [_thread_blocked, id=10584, stack(0x0000000559000000,0x0000000559100000)]
  0x0000019b6ac05110 JavaThread "C2 CompilerThread0" daemon [_thread_blocked, id=6592, stack(0x0000000559100000,0x0000000559200000)]
  0x0000019b6ac06fb0 JavaThread "C1 CompilerThread0" daemon [_thread_blocked, id=6616, stack(0x0000000559200000,0x0000000559300000)]
  0x0000019b6abf9940 JavaThread "Sweeper thread" daemon [_thread_blocked, id=7468, stack(0x0000000559300000,0x0000000559400000)]
  0x0000019b6abfb7a0 JavaThread "Common-Cleaner" daemon [_thread_blocked, id=11272, stack(0x0000000559400000,0x0000000559500000)]
  0x0000019b6abfa360 JavaThread "Notification Thread" daemon [_thread_blocked, id=11992, stack(0x0000000559500000,0x0000000559600000)]
  0x0000019b6abfb290 JavaThread "Daemon health stats" [_thread_blocked, id=5484, stack(0x0000000559b00000,0x0000000559c00000)]
  0x0000019b6abf9e50 JavaThread "Incoming local TCP Connector on port 50829" [_thread_in_native, id=5088, stack(0x0000000559700000,0x0000000559800000)]
  0x0000019b70e59840 JavaThread "Daemon periodic checks" [_thread_blocked, id=7368, stack(0x0000000559c00000,0x0000000559d00000)]
  0x0000019b70e58910 JavaThread "Cache worker for journal cache (C:\Users\PC-001\.gradle\caches\journal-1)" [_thread_blocked, id=1008, stack(0x0000000559d00000,0x0000000559e00000)]
  0x0000019b70e58e20 JavaThread "File lock request listener" [_thread_in_native, id=11932, stack(0x000000055a500000,0x000000055a600000)]
  0x0000019b71097a30 JavaThread "Cache worker for file hash cache (C:\Users\PC-001\.gradle\caches\8.6\fileHashes)" [_thread_blocked, id=3796, stack(0x000000055a600000,0x000000055a700000)]
  0x0000019b71095bd0 JavaThread "File watcher server" daemon [_thread_in_native, id=11128, stack(0x000000055a800000,0x000000055a900000)]
  0x0000019b71097f40 JavaThread "File watcher consumer" daemon [_thread_blocked, id=7484, stack(0x000000055a900000,0x000000055aa00000)]
  0x0000019b710965f0 JavaThread "Cache worker for file content cache (C:\Users\PC-001\.gradle\caches\8.6\fileContent)" [_thread_blocked, id=11852, stack(0x000000055ae00000,0x000000055af00000)]
  0x0000019b71094ca0 JavaThread "jar transforms" [_thread_blocked, id=5156, stack(0x000000055af00000,0x000000055b000000)]
  0x0000019b71098e70 JavaThread "jar transforms Thread 2" [_thread_blocked, id=4364, stack(0x000000055b000000,0x000000055b100000)]
  0x0000019b71092e40 JavaThread "jar transforms Thread 3" [_thread_blocked, id=3396, stack(0x000000055b100000,0x000000055b200000)]
  0x0000019b71094280 JavaThread "jar transforms Thread 4" [_thread_blocked, id=11380, stack(0x000000055b200000,0x000000055b300000)]
  0x0000019b72074a70 JavaThread "Memory manager" [_thread_blocked, id=4872, stack(0x000000055bc00000,0x000000055bd00000)]
  0x0000019b72b70350 JavaThread "pool-3-thread-1" [_thread_blocked, id=1364, stack(0x0000000558100000,0x0000000558200000)]
  0x0000019b72b6ea00 JavaThread "Monitor" [_thread_in_native, id=6004, stack(0x000000055d300000,0x000000055d400000)]
  0x0000019b72b6f420 JavaThread "Device List Monitor" [_thread_in_native, id=11112, stack(0x000000055ed00000,0x000000055ee00000)]
  0x0000019b71099380 JavaThread "pool-6-thread-1" [_thread_blocked, id=6796, stack(0x000000055e100000,0x000000055e200000)]
  0x0000019b7b128e00 JavaThread "ForkJoinPool.commonPool-worker-8" daemon [_thread_blocked, id=2864, stack(0x000000055be00000,0x000000055bf00000)]
  0x0000019b7b129310 JavaThread "ForkJoinPool.commonPool-worker-9" daemon [_thread_blocked, id=12272, stack(0x000000055bf00000,0x000000055c000000)]
  0x0000019b72b71790 JavaThread "pool-9-thread-1" [_thread_blocked, id=4484, stack(0x000000055e300000,0x000000055e400000)]
  0x0000019b72b721b0 JavaThread "Daemon Thread 4" [_thread_blocked, id=9644, stack(0x0000000558200000,0x0000000558300000)]
  0x0000019b72b72bd0 JavaThread "Handler for socket connection from /127.0.0.1:50829 to /127.0.0.1:53999" [_thread_in_native, id=12124, stack(0x0000000558300000,0x0000000558400000)]
  0x0000019b72b70860 JavaThread "Cancel handler" [_thread_blocked, id=5896, stack(0x0000000559e00000,0x0000000559f00000)]
  0x0000019b72b6c690 JavaThread "Daemon worker Thread 4" [_thread_blocked, id=3708, stack(0x0000000559f00000,0x000000055a000000)]
  0x0000019b72b6cba0 JavaThread "Asynchronous log dispatcher for DefaultDaemonConnection: socket connection from /127.0.0.1:50829 to /127.0.0.1:53999" [_thread_blocked, id=5272, stack(0x000000055a000000,0x000000055a100000)]
  0x0000019b72b6d0b0 JavaThread "Stdin handler" [_thread_blocked, id=3120, stack(0x000000055a100000,0x000000055a200000)]
  0x0000019b72b6e4f0 JavaThread "Daemon client event forwarder" [_thread_blocked, id=7676, stack(0x000000055a200000,0x000000055a300000)]
  0x0000019b72b6bc70 JavaThread "Cache worker for checksums cache (D:\LionPOSNative\android\.gradle\8.6\checksums)" [_thread_blocked, id=9812, stack(0x000000055a300000,0x000000055a400000)]
  0x0000019b72b70d70 JavaThread "Cache worker for file hash cache (D:\LionPOSNative\android\.gradle\8.6\fileHashes)" [_thread_blocked, id=1892, stack(0x000000055a400000,0x000000055a500000)]
  0x0000019b7b12c0a0 JavaThread "Cache worker for cache directory md-supplier (C:\Users\PC-001\.gradle\caches\8.6\md-supplier)" [_thread_blocked, id=6000, stack(0x000000055a700000,0x000000055a800000)]
  0x0000019b7b12c5b0 JavaThread "Cache worker for cache directory md-rule (C:\Users\PC-001\.gradle\caches\8.6\md-rule)" [_thread_blocked, id=4268, stack(0x000000055aa00000,0x000000055ab00000)]
  0x0000019b7b12cac0 JavaThread "Exec process Thread 10" [_thread_blocked, id=6204, stack(0x000000055ab00000,0x000000055ac00000)]
  0x0000019b7b129820 JavaThread "Exec process Thread 11" [_thread_blocked, id=9180, stack(0x000000055ac00000,0x000000055ad00000)]
  0x0000019b7b12a240 JavaThread "Exec process Thread 12" [_thread_blocked, id=368, stack(0x000000055ad00000,0x000000055ae00000)]
  0x0000019b7b1283e0 JavaThread "Unconstrained build operations" [_thread_blocked, id=6636, stack(0x000000055b300000,0x000000055b400000)]
  0x0000019b7b12ac60 JavaThread "Unconstrained build operations Thread 2" [_thread_blocked, id=2220, stack(0x000000055b500000,0x000000055b600000)]
  0x0000019b7b12d4e0 JavaThread "Cache worker for Build Output Cleanup Cache (D:\LionPOSNative\node_modules\@react-native\gradle-plugin\.gradle\buildOutputCleanup)" [_thread_blocked, id=7216, stack(0x000000055b700000,0x000000055b800000)]
  0x0000019b7b12cfd0 JavaThread "Unconstrained build operations Thread 3" [_thread_blocked, id=7924, stack(0x000000055b800000,0x000000055b900000)]
  0x0000019b7b12d9f0 JavaThread "Unconstrained build operations Thread 4" [_thread_blocked, id=4432, stack(0x000000055b900000,0x000000055ba00000)]
  0x0000019b7b12df00 JavaThread "Unconstrained build operations Thread 5" [_thread_blocked, id=3424, stack(0x000000055ba00000,0x000000055bb00000)]
  0x0000019b7b12e410 JavaThread "build event listener" [_thread_blocked, id=5888, stack(0x000000055bb00000,0x000000055bc00000)]
  0x0000019b7b12f340 JavaThread "Cache worker for Build Output Cleanup Cache (D:\LionPOSNative\android\.gradle\buildOutputCleanup)" [_thread_blocked, id=1312, stack(0x000000055bd00000,0x000000055be00000)]
  0x0000019b7b12f850 JavaThread "ForkJoinPool.commonPool-worker-10" daemon [_thread_blocked, id=7748, stack(0x000000055c000000,0x000000055c100000)]
  0x0000019b7b12fd60 JavaThread "included builds" [_thread_in_vm, id=4068, stack(0x000000055c100000,0x000000055c200000)]
  0x0000019b7b1288f0 JavaThread "Execution worker" [_thread_blocked, id=2240, stack(0x000000055c200000,0x000000055c300000)]
  0x0000019b6ae02020 JavaThread "Execution worker Thread 2" [_thread_blocked, id=4272, stack(0x000000055c300000,0x000000055c400000)]
  0x0000019b6ae048a0 JavaThread "Execution worker Thread 3" [_thread_blocked, id=11948, stack(0x000000055c400000,0x000000055c500000)]
  0x0000019b6ae02530 JavaThread "Cache worker for execution history cache (D:\LionPOSNative\node_modules\@react-native\gradle-plugin\.gradle\8.6\executionHistory)" [_thread_blocked, id=11320, stack(0x000000055c500000,0x000000055c600000)]
  0x0000019b6ae01b10 JavaThread "Unconstrained build operations Thread 6" [_thread_blocked, id=4168, stack(0x000000055c600000,0x000000055c700000)]
  0x0000019b6ae07630 JavaThread "Unconstrained build operations Thread 7" [_thread_blocked, id=5688, stack(0x000000055c700000,0x000000055c800000)]
  0x0000019b6ae06c10 JavaThread "Unconstrained build operations Thread 8" [_thread_blocked, id=3908, stack(0x000000055c800000,0x000000055c900000)]
  0x0000019b6ae08050 JavaThread "Unconstrained build operations Thread 9" [_thread_blocked, id=10776, stack(0x000000055c900000,0x000000055ca00000)]
  0x0000019b6ae052c0 JavaThread "Unconstrained build operations Thread 10" [_thread_blocked, id=5772, stack(0x000000055ca00000,0x000000055cb00000)]
  0x0000019b6ae08560 JavaThread "Unconstrained build operations Thread 11" [_thread_blocked, id=4972, stack(0x000000055cb00000,0x000000055cc00000)]
  0x0000019b6ae02a40 JavaThread "Unconstrained build operations Thread 12" [_thread_blocked, id=7360, stack(0x000000055cc00000,0x000000055cd00000)]
  0x0000019b6ae010f0 JavaThread "Unconstrained build operations Thread 13" [_thread_blocked, id=7716, stack(0x000000055cd00000,0x000000055ce00000)]
  0x0000019b6ae03970 JavaThread "build event listener" [_thread_blocked, id=3880, stack(0x000000055ce00000,0x000000055cf00000)]
  0x0000019b6ae05ce0 JavaThread "Unconstrained build operations Thread 14" [_thread_blocked, id=660, stack(0x000000055b600000,0x000000055b700000)]
  0x0000019b6ae01600 JavaThread "Unconstrained build operations Thread 15" [_thread_blocked, id=1564, stack(0x000000055cf00000,0x000000055d000000)]
  0x0000019b6ae061f0 JavaThread "Unconstrained build operations Thread 16" [_thread_blocked, id=6328, stack(0x000000055d000000,0x000000055d100000)]
  0x0000019b6ae06700 JavaThread "Unconstrained build operations Thread 17" [_thread_blocked, id=1948, stack(0x000000055d100000,0x000000055d200000)]
  0x0000019b705e4230 JavaThread "Unconstrained build operations Thread 18" [_thread_blocked, id=11160, stack(0x000000055d200000,0x000000055d300000)]
  0x0000019b705e79e0 JavaThread "Unconstrained build operations Thread 19" [_thread_blocked, id=868, stack(0x000000055d400000,0x000000055d500000)]
  0x0000019b705e5160 JavaThread "Unconstrained build operations Thread 20" [_thread_blocked, id=8120, stack(0x000000055d500000,0x000000055d600000)]
  0x0000019b705e5670 JavaThread "Unconstrained build operations Thread 21" [_thread_blocked, id=10108, stack(0x000000055d600000,0x000000055d700000)]
  0x0000019b705e3300 JavaThread "Unconstrained build operations Thread 22" [_thread_blocked, id=7552, stack(0x000000055d700000,0x000000055d800000)]
  0x0000019b705e28e0 JavaThread "Unconstrained build operations Thread 23" [_thread_blocked, id=8856, stack(0x000000055d900000,0x000000055da00000)]
  0x0000019b705e3810 JavaThread "Unconstrained build operations Thread 24" [_thread_blocked, id=1456, stack(0x000000055da00000,0x000000055db00000)]
  0x0000019b705e6090 JavaThread "Unconstrained build operations Thread 25" [_thread_blocked, id=2752, stack(0x000000055db00000,0x000000055dc00000)]
  0x0000019b705e0a80 JavaThread "Unconstrained build operations Thread 26" [_thread_blocked, id=8396, stack(0x000000055dc00000,0x000000055dd00000)]
  0x0000019b705e0f90 JavaThread "Unconstrained build operations Thread 27" [_thread_blocked, id=10168, stack(0x000000055dd00000,0x000000055de00000)]
  0x0000019b71094790 JavaThread "Unconstrained build operations Thread 28" [_thread_blocked, id=9516, stack(0x000000055de00000,0x000000055df00000)]
  0x0000019b71098450 JavaThread "Unconstrained build operations Thread 29" [_thread_blocked, id=5300, stack(0x000000055d800000,0x000000055d900000)]
  0x0000019b71096b00 JavaThread "Unconstrained build operations Thread 30" [_thread_blocked, id=7328, stack(0x000000055df00000,0x000000055e000000)]
  0x0000019b71099890 JavaThread "Unconstrained build operations Thread 31" [_thread_blocked, id=5224, stack(0x000000055e000000,0x000000055e100000)]
  0x0000019b71097010 JavaThread "pool-12-thread-1" [_thread_blocked, id=2304, stack(0x000000055e200000,0x000000055e300000)]
  0x0000019b71097520 JavaThread "build event listener" [_thread_blocked, id=11252, stack(0x000000055e400000,0x000000055e500000)]
  0x0000019b720759a0 JavaThread "Cache worker for execution history cache (D:\LionPOSNative\android\.gradle\8.6\executionHistory)" [_thread_blocked, id=6780, stack(0x000000055e500000,0x000000055e600000)]
  0x0000019b72076de0 JavaThread "WorkerExecutor Queue" [_thread_blocked, id=10044, stack(0x000000055e600000,0x000000055e700000)]
  0x0000019b720772f0 JavaThread "WorkerExecutor Queue Thread 2" [_thread_blocked, id=4292, stack(0x000000055e700000,0x000000055e800000)]
  0x0000019b72075490 JavaThread "WorkerExecutor Queue Thread 3" [_thread_blocked, id=9864, stack(0x000000055e800000,0x000000055e900000)]
  0x0000019b72074560 JavaThread "WorkerExecutor Queue Thread 4" [_thread_blocked, id=2152, stack(0x000000055e900000,0x000000055ea00000)]
  0x0000019b70e5b6a0 JavaThread "Unconstrained build operations Thread 32" [_thread_blocked, id=1672, stack(0x000000055ea00000,0x000000055eb00000)]
  0x0000019b70e5ac80 JavaThread "Unconstrained build operations Thread 33" [_thread_blocked, id=9612, stack(0x000000055eb00000,0x000000055ec00000)]
  0x0000019b70e5b190 JavaThread "Unconstrained build operations Thread 34" [_thread_blocked, id=8592, stack(0x000000055ec00000,0x000000055ed00000)]
  0x0000019b70e59330 JavaThread "Unconstrained build operations Thread 35" [_thread_blocked, id=7792, stack(0x000000055ee00000,0x000000055ef00000)]

Other Threads:
  0x0000019b687aa270 VMThread "VM Thread" [stack: 0x0000000558a00000,0x0000000558b00000] [id=11008]
  0x0000019b4cea85e0 WatcherThread [stack: 0x0000000559600000,0x0000000559700000] [id=1308]
  0x0000019b685e19b0 GCTaskThread "GC Thread#0" [stack: 0x0000000558500000,0x0000000558600000] [id=7844]
  0x0000019b6f437340 GCTaskThread "GC Thread#1" [stack: 0x0000000559800000,0x0000000559900000] [id=2020]
  0x0000019b6f56ab70 GCTaskThread "GC Thread#2" [stack: 0x0000000559900000,0x0000000559a00000] [id=10512]
  0x0000019b6fac5510 GCTaskThread "GC Thread#3" [stack: 0x0000000559a00000,0x0000000559b00000] [id=3436]
  0x0000019b685e9ef0 ConcurrentGCThread "G1 Main Marker" [stack: 0x0000000558600000,0x0000000558700000] [id=6888]
=>0x0000019b685eb760 ConcurrentGCThread "G1 Conc#0" [stack: 0x0000000558700000,0x0000000558800000] [id=5784]
  0x0000019b68662980 ConcurrentGCThread "G1 Refine#0" [stack: 0x0000000558800000,0x0000000558900000] [id=3024]
  0x0000019b686641d0 ConcurrentGCThread "G1 Service" [stack: 0x0000000558900000,0x0000000558a00000] [id=1880]

Threads with active compile tasks:
C1 CompilerThread0  9212011 26290       3       org.apache.xerces.impl.XMLEntityManager::getEntityScanner (54 bytes)

VM state: not at safepoint (normal execution)

VM Mutex/Monitor currently owned by a thread:  ([mutex/lock_event])
[0x0000019b4cea44c0] MethodCompileQueue_lock - owner thread: 0x0000019b7b12fd60

Heap address: 0x0000000080000000, size: 2048 MB, Compressed Oops mode: 32-bit

CDS archive(s) mapped at: [0x0000019b00000000-0x0000019b00bb0000-0x0000019b00bb0000), size 12255232, SharedBaseAddress: 0x0000019b00000000, ArchiveRelocationMode: 1.
Compressed class space mapped at: 0x0000019b01000000-0x0000019b1b000000, reserved size: 436207616
Narrow klass base: 0x0000019b00000000, Narrow klass shift: 0, Narrow klass range: 0x100000000

GC Precious Log:
 CPUs: 4 total, 4 available
 Memory: 8003M
 Large Page Support: Disabled
 NUMA Support: Disabled
 Compressed Oops: Enabled (32-bit)
 Heap Region Size: 1M
 Heap Min Capacity: 8M
 Heap Initial Capacity: 126M
 Heap Max Capacity: 2G
 Pre-touch: Disabled
 Parallel Workers: 4
 Concurrent Workers: 1
 Concurrent Refinement Workers: 4
 Periodic GC: Disabled

Heap:
 garbage-first heap   total 408576K, used 362120K [0x0000000080000000, 0x0000000100000000)
  region size 1024K, 7 young (7168K), 2 survivors (2048K)
 Metaspace       used 137404K, committed 139328K, reserved 557056K
  class space    used 18218K, committed 19136K, reserved 425984K

Heap Regions: E=young(eden), S=young(survivor), O=old, HS=humongous(starts), HC=humongous(continues), CS=collection set, F=free, OA=open archive, CA=closed archive, TAMS=top-at-mark-start (previous, next)
|   0|0x0000000080000000, 0x0000000080100000, 0x0000000080100000|100%| O|  |TAMS 0x0000000080100000, 0x0000000080100000| Untracked 
|   1|0x0000000080100000, 0x0000000080200000, 0x0000000080200000|100%| O|  |TAMS 0x0000000080200000, 0x0000000080200000| Untracked 
|   2|0x0000000080200000, 0x0000000080300000, 0x0000000080300000|100%|HS|  |TAMS 0x0000000080300000, 0x0000000080300000| Complete 
|   3|0x0000000080300000, 0x0000000080400000, 0x0000000080400000|100%|HC|  |TAMS 0x0000000080400000, 0x0000000080400000| Complete 
|   4|0x0000000080400000, 0x0000000080500000, 0x0000000080500000|100%|HC|  |TAMS 0x0000000080500000, 0x0000000080500000| Complete 
|   5|0x0000000080500000, 0x0000000080600000, 0x0000000080600000|100%|HC|  |TAMS 0x0000000080600000, 0x0000000080600000| Complete 
|   6|0x0000000080600000, 0x0000000080700000, 0x0000000080700000|100%| O|  |TAMS 0x0000000080700000, 0x0000000080700000| Untracked 
|   7|0x0000000080700000, 0x0000000080800000, 0x0000000080800000|100%| O|  |TAMS 0x0000000080800000, 0x0000000080800000| Untracked 
|   8|0x0000000080800000, 0x0000000080900000, 0x0000000080900000|100%| O|  |TAMS 0x0000000080900000, 0x0000000080900000| Untracked 
|   9|0x0000000080900000, 0x0000000080a00000, 0x0000000080a00000|100%| O|  |TAMS 0x0000000080a00000, 0x0000000080a00000| Untracked 
|  10|0x0000000080a00000, 0x0000000080b00000, 0x0000000080b00000|100%| O|  |TAMS 0x0000000080b00000, 0x0000000080b00000| Untracked 
|  11|0x0000000080b00000, 0x0000000080c00000, 0x0000000080c00000|100%| O|  |TAMS 0x0000000080c00000, 0x0000000080c00000| Untracked 
|  12|0x0000000080c00000, 0x0000000080d00000, 0x0000000080d00000|100%| O|  |TAMS 0x0000000080d00000, 0x0000000080d00000| Untracked 
|  13|0x0000000080d00000, 0x0000000080e00000, 0x0000000080e00000|100%| O|  |TAMS 0x0000000080e00000, 0x0000000080e00000| Untracked 
|  14|0x0000000080e00000, 0x0000000080f00000, 0x0000000080f00000|100%| O|  |TAMS 0x0000000080f00000, 0x0000000080f00000| Untracked 
|  15|0x0000000080f00000, 0x0000000081000000, 0x0000000081000000|100%| O|  |TAMS 0x0000000081000000, 0x0000000081000000| Untracked 
|  16|0x0000000081000000, 0x0000000081100000, 0x0000000081100000|100%| O|  |TAMS 0x0000000081100000, 0x0000000081100000| Untracked 
|  17|0x0000000081100000, 0x0000000081200000, 0x0000000081200000|100%| O|  |TAMS 0x0000000081200000, 0x0000000081200000| Untracked 
|  18|0x0000000081200000, 0x0000000081300000, 0x0000000081300000|100%| O|  |TAMS 0x0000000081300000, 0x0000000081300000| Untracked 
|  19|0x0000000081300000, 0x0000000081400000, 0x0000000081400000|100%| O|  |TAMS 0x0000000081400000, 0x0000000081400000| Untracked 
|  20|0x0000000081400000, 0x0000000081500000, 0x0000000081500000|100%| O|  |TAMS 0x0000000081500000, 0x0000000081500000| Untracked 
|  21|0x0000000081500000, 0x0000000081600000, 0x0000000081600000|100%| O|  |TAMS 0x0000000081600000, 0x0000000081600000| Untracked 
|  22|0x0000000081600000, 0x0000000081700000, 0x0000000081700000|100%| O|  |TAMS 0x0000000081700000, 0x0000000081700000| Untracked 
|  23|0x0000000081700000, 0x0000000081800000, 0x0000000081800000|100%| O|  |TAMS 0x0000000081800000, 0x0000000081800000| Untracked 
|  24|0x0000000081800000, 0x0000000081900000, 0x0000000081900000|100%| O|  |TAMS 0x0000000081900000, 0x0000000081900000| Untracked 
|  25|0x0000000081900000, 0x0000000081a00000, 0x0000000081a00000|100%| O|  |TAMS 0x0000000081a00000, 0x0000000081a00000| Untracked 
|  26|0x0000000081a00000, 0x0000000081b00000, 0x0000000081b00000|100%| O|  |TAMS 0x0000000081b00000, 0x0000000081b00000| Untracked 
|  27|0x0000000081b00000, 0x0000000081c00000, 0x0000000081c00000|100%|HS|  |TAMS 0x0000000081b00000, 0x0000000081c00000| Complete 
|  28|0x0000000081c00000, 0x0000000081d00000, 0x0000000081d00000|100%| O|  |TAMS 0x0000000081d00000, 0x0000000081d00000| Untracked 
|  29|0x0000000081d00000, 0x0000000081e00000, 0x0000000081e00000|100%| O|  |TAMS 0x0000000081e00000, 0x0000000081e00000| Untracked 
|  30|0x0000000081e00000, 0x0000000081f00000, 0x0000000081f00000|100%| O|  |TAMS 0x0000000081f00000, 0x0000000081f00000| Untracked 
|  31|0x0000000081f00000, 0x0000000082000000, 0x0000000082000000|100%| O|  |TAMS 0x0000000082000000, 0x0000000082000000| Untracked 
|  32|0x0000000082000000, 0x0000000082100000, 0x0000000082100000|100%| O|  |TAMS 0x0000000082100000, 0x0000000082100000| Untracked 
|  33|0x0000000082100000, 0x0000000082200000, 0x0000000082200000|100%| O|  |TAMS 0x0000000082200000, 0x0000000082200000| Untracked 
|  34|0x0000000082200000, 0x0000000082300000, 0x0000000082300000|100%| O|  |TAMS 0x0000000082300000, 0x0000000082300000| Untracked 
|  35|0x0000000082300000, 0x0000000082400000, 0x0000000082400000|100%| O|  |TAMS 0x0000000082400000, 0x0000000082400000| Untracked 
|  36|0x0000000082400000, 0x0000000082500000, 0x0000000082500000|100%| O|  |TAMS 0x0000000082500000, 0x0000000082500000| Untracked 
|  37|0x0000000082500000, 0x0000000082600000, 0x0000000082600000|100%|HS|  |TAMS 0x0000000082600000, 0x0000000082600000| Complete 
|  38|0x0000000082600000, 0x0000000082700000, 0x0000000082700000|100%|HC|  |TAMS 0x0000000082700000, 0x0000000082700000| Complete 
|  39|0x0000000082700000, 0x0000000082800000, 0x0000000082800000|100%|HS|  |TAMS 0x0000000082800000, 0x0000000082800000| Complete 
|  40|0x0000000082800000, 0x0000000082900000, 0x0000000082900000|100%|HC|  |TAMS 0x0000000082900000, 0x0000000082900000| Complete 
|  41|0x0000000082900000, 0x0000000082a00000, 0x0000000082a00000|100%|HS|  |TAMS 0x0000000082a00000, 0x0000000082a00000| Complete 
|  42|0x0000000082a00000, 0x0000000082b00000, 0x0000000082b00000|100%|HC|  |TAMS 0x0000000082b00000, 0x0000000082b00000| Complete 
|  43|0x0000000082b00000, 0x0000000082c00000, 0x0000000082c00000|100%|HC|  |TAMS 0x0000000082c00000, 0x0000000082c00000| Complete 
|  44|0x0000000082c00000, 0x0000000082d00000, 0x0000000082d00000|100%|HC|  |TAMS 0x0000000082d00000, 0x0000000082d00000| Complete 
|  45|0x0000000082d00000, 0x0000000082e00000, 0x0000000082e00000|100%| O|  |TAMS 0x0000000082e00000, 0x0000000082e00000| Untracked 
|  46|0x0000000082e00000, 0x0000000082f00000, 0x0000000082f00000|100%| O|  |TAMS 0x0000000082f00000, 0x0000000082f00000| Untracked 
|  47|0x0000000082f00000, 0x0000000083000000, 0x0000000083000000|100%| O|  |TAMS 0x0000000083000000, 0x0000000083000000| Untracked 
|  48|0x0000000083000000, 0x0000000083100000, 0x0000000083100000|100%| O|  |TAMS 0x0000000083100000, 0x0000000083100000| Untracked 
|  49|0x0000000083100000, 0x0000000083200000, 0x0000000083200000|100%| O|  |TAMS 0x0000000083200000, 0x0000000083200000| Untracked 
|  50|0x0000000083200000, 0x0000000083300000, 0x0000000083300000|100%| O|  |TAMS 0x0000000083300000, 0x0000000083300000| Untracked 
|  51|0x0000000083300000, 0x0000000083400000, 0x0000000083400000|100%|HS|  |TAMS 0x0000000083400000, 0x0000000083400000| Complete 
|  52|0x0000000083400000, 0x0000000083500000, 0x0000000083500000|100%|HS|  |TAMS 0x0000000083500000, 0x0000000083500000| Complete 
|  53|0x0000000083500000, 0x0000000083600000, 0x0000000083600000|100%|HS|  |TAMS 0x0000000083600000, 0x0000000083600000| Complete 
|  54|0x0000000083600000, 0x0000000083700000, 0x0000000083700000|100%|HC|  |TAMS 0x0000000083700000, 0x0000000083700000| Complete 
|  55|0x0000000083700000, 0x0000000083800000, 0x0000000083800000|100%|HC|  |TAMS 0x0000000083800000, 0x0000000083800000| Complete 
|  56|0x0000000083800000, 0x0000000083900000, 0x0000000083900000|100%|HC|  |TAMS 0x0000000083900000, 0x0000000083900000| Complete 
|  57|0x0000000083900000, 0x0000000083a00000, 0x0000000083a00000|100%| O|  |TAMS 0x0000000083a00000, 0x0000000083a00000| Untracked 
|  58|0x0000000083a00000, 0x0000000083b00000, 0x0000000083b00000|100%| O|  |TAMS 0x0000000083b00000, 0x0000000083b00000| Untracked 
|  59|0x0000000083b00000, 0x0000000083c00000, 0x0000000083c00000|100%|HS|  |TAMS 0x0000000083c00000, 0x0000000083c00000| Complete 
|  60|0x0000000083c00000, 0x0000000083d00000, 0x0000000083d00000|100%| O|  |TAMS 0x0000000083d00000, 0x0000000083d00000| Untracked 
|  61|0x0000000083d00000, 0x0000000083e00000, 0x0000000083e00000|100%|HS|  |TAMS 0x0000000083e00000, 0x0000000083e00000| Complete 
|  62|0x0000000083e00000, 0x0000000083f00000, 0x0000000083f00000|100%|HS|  |TAMS 0x0000000083f00000, 0x0000000083f00000| Complete 
|  63|0x0000000083f00000, 0x0000000084000000, 0x0000000084000000|100%| O|  |TAMS 0x0000000084000000, 0x0000000084000000| Untracked 
|  64|0x0000000084000000, 0x0000000084100000, 0x0000000084100000|100%| O|  |TAMS 0x0000000084100000, 0x0000000084100000| Untracked 
|  65|0x0000000084100000, 0x0000000084200000, 0x0000000084200000|100%| O|  |TAMS 0x0000000084200000, 0x0000000084200000| Untracked 
|  66|0x0000000084200000, 0x0000000084300000, 0x0000000084300000|100%| O|  |TAMS 0x0000000084300000, 0x0000000084300000| Untracked 
|  67|0x0000000084300000, 0x0000000084400000, 0x0000000084400000|100%| O|  |TAMS 0x0000000084400000, 0x0000000084400000| Untracked 
|  68|0x0000000084400000, 0x0000000084500000, 0x0000000084500000|100%| O|  |TAMS 0x0000000084500000, 0x0000000084500000| Untracked 
|  69|0x0000000084500000, 0x0000000084600000, 0x0000000084600000|100%| O|  |TAMS 0x0000000084600000, 0x0000000084600000| Untracked 
|  70|0x0000000084600000, 0x0000000084700000, 0x0000000084700000|100%| O|  |TAMS 0x0000000084700000, 0x0000000084700000| Untracked 
|  71|0x0000000084700000, 0x0000000084800000, 0x0000000084800000|100%| O|  |TAMS 0x0000000084800000, 0x0000000084800000| Untracked 
|  72|0x0000000084800000, 0x0000000084900000, 0x0000000084900000|100%| O|  |TAMS 0x0000000084900000, 0x0000000084900000| Untracked 
|  73|0x0000000084900000, 0x0000000084a00000, 0x0000000084a00000|100%| O|  |TAMS 0x0000000084a00000, 0x0000000084a00000| Untracked 
|  74|0x0000000084a00000, 0x0000000084b00000, 0x0000000084b00000|100%| O|  |TAMS 0x0000000084b00000, 0x0000000084b00000| Untracked 
|  75|0x0000000084b00000, 0x0000000084c00000, 0x0000000084c00000|100%| O|  |TAMS 0x0000000084c00000, 0x0000000084c00000| Untracked 
|  76|0x0000000084c00000, 0x0000000084d00000, 0x0000000084d00000|100%| O|  |TAMS 0x0000000084d00000, 0x0000000084d00000| Untracked 
|  77|0x0000000084d00000, 0x0000000084e00000, 0x0000000084e00000|100%| O|  |TAMS 0x0000000084e00000, 0x0000000084e00000| Untracked 
|  78|0x0000000084e00000, 0x0000000084f00000, 0x0000000084f00000|100%| O|  |TAMS 0x0000000084f00000, 0x0000000084f00000| Untracked 
|  79|0x0000000084f00000, 0x0000000085000000, 0x0000000085000000|100%| O|  |TAMS 0x0000000085000000, 0x0000000085000000| Untracked 
|  80|0x0000000085000000, 0x0000000085100000, 0x0000000085100000|100%| O|  |TAMS 0x0000000085100000, 0x0000000085100000| Untracked 
|  81|0x0000000085100000, 0x0000000085200000, 0x0000000085200000|100%| O|  |TAMS 0x0000000085200000, 0x0000000085200000| Untracked 
|  82|0x0000000085200000, 0x0000000085300000, 0x0000000085300000|100%| O|  |TAMS 0x0000000085300000, 0x0000000085300000| Untracked 
|  83|0x0000000085300000, 0x0000000085400000, 0x0000000085400000|100%| O|  |TAMS 0x0000000085400000, 0x0000000085400000| Untracked 
|  84|0x0000000085400000, 0x0000000085500000, 0x0000000085500000|100%| O|  |TAMS 0x0000000085500000, 0x0000000085500000| Untracked 
|  85|0x0000000085500000, 0x0000000085600000, 0x0000000085600000|100%| O|  |TAMS 0x0000000085600000, 0x0000000085600000| Untracked 
|  86|0x0000000085600000, 0x0000000085700000, 0x0000000085700000|100%| O|  |TAMS 0x0000000085700000, 0x0000000085700000| Untracked 
|  87|0x0000000085700000, 0x0000000085800000, 0x0000000085800000|100%|HS|  |TAMS 0x0000000085700000, 0x0000000085800000| Complete 
|  88|0x0000000085800000, 0x0000000085900000, 0x0000000085900000|100%| O|  |TAMS 0x0000000085900000, 0x0000000085900000| Untracked 
|  89|0x0000000085900000, 0x0000000085a00000, 0x0000000085a00000|100%| O|  |TAMS 0x0000000085a00000, 0x0000000085a00000| Untracked 
|  90|0x0000000085a00000, 0x0000000085b00000, 0x0000000085b00000|100%| O|  |TAMS 0x0000000085b00000, 0x0000000085b00000| Untracked 
|  91|0x0000000085b00000, 0x0000000085c00000, 0x0000000085c00000|100%| O|  |TAMS 0x0000000085c00000, 0x0000000085c00000| Untracked 
|  92|0x0000000085c00000, 0x0000000085d00000, 0x0000000085d00000|100%| O|  |TAMS 0x0000000085d00000, 0x0000000085d00000| Untracked 
|  93|0x0000000085d00000, 0x0000000085e00000, 0x0000000085e00000|100%| O|  |TAMS 0x0000000085e00000, 0x0000000085e00000| Untracked 
|  94|0x0000000085e00000, 0x0000000085f00000, 0x0000000085f00000|100%| O|  |TAMS 0x0000000085f00000, 0x0000000085f00000| Untracked 
|  95|0x0000000085f00000, 0x0000000086000000, 0x0000000086000000|100%| O|  |TAMS 0x0000000086000000, 0x0000000086000000| Untracked 
|  96|0x0000000086000000, 0x0000000086100000, 0x0000000086100000|100%| O|  |TAMS 0x0000000086100000, 0x0000000086100000| Untracked 
|  97|0x0000000086100000, 0x0000000086200000, 0x0000000086200000|100%|HS|  |TAMS 0x0000000086200000, 0x0000000086200000| Complete 
|  98|0x0000000086200000, 0x0000000086300000, 0x0000000086300000|100%|HS|  |TAMS 0x0000000086300000, 0x0000000086300000| Complete 
|  99|0x0000000086300000, 0x0000000086400000, 0x0000000086400000|100%|HS|  |TAMS 0x0000000086400000, 0x0000000086400000| Complete 
| 100|0x0000000086400000, 0x0000000086500000, 0x0000000086500000|100%|HC|  |TAMS 0x0000000086500000, 0x0000000086500000| Complete 
| 101|0x0000000086500000, 0x0000000086600000, 0x0000000086600000|100%| O|  |TAMS 0x0000000086600000, 0x0000000086600000| Untracked 
| 102|0x0000000086600000, 0x0000000086700000, 0x0000000086700000|100%| O|  |TAMS 0x0000000086700000, 0x0000000086700000| Untracked 
| 103|0x0000000086700000, 0x0000000086800000, 0x0000000086800000|100%| O|  |TAMS 0x0000000086800000, 0x0000000086800000| Untracked 
| 104|0x0000000086800000, 0x0000000086900000, 0x0000000086900000|100%| O|  |TAMS 0x0000000086900000, 0x0000000086900000| Untracked 
| 105|0x0000000086900000, 0x0000000086a00000, 0x0000000086a00000|100%| O|  |TAMS 0x0000000086a00000, 0x0000000086a00000| Untracked 
| 106|0x0000000086a00000, 0x0000000086b00000, 0x0000000086b00000|100%| O|  |TAMS 0x0000000086b00000, 0x0000000086b00000| Untracked 
| 107|0x0000000086b00000, 0x0000000086c00000, 0x0000000086c00000|100%| O|  |TAMS 0x0000000086c00000, 0x0000000086c00000| Untracked 
| 108|0x0000000086c00000, 0x0000000086d00000, 0x0000000086d00000|100%| O|  |TAMS 0x0000000086d00000, 0x0000000086d00000| Untracked 
| 109|0x0000000086d00000, 0x0000000086e00000, 0x0000000086e00000|100%| O|  |TAMS 0x0000000086e00000, 0x0000000086e00000| Untracked 
| 110|0x0000000086e00000, 0x0000000086f00000, 0x0000000086f00000|100%| O|  |TAMS 0x0000000086f00000, 0x0000000086f00000| Untracked 
| 111|0x0000000086f00000, 0x0000000087000000, 0x0000000087000000|100%| O|  |TAMS 0x0000000087000000, 0x0000000087000000| Untracked 
| 112|0x0000000087000000, 0x0000000087100000, 0x0000000087100000|100%| O|  |TAMS 0x0000000087052200, 0x0000000087100000| Untracked 
| 113|0x0000000087100000, 0x0000000087200000, 0x0000000087200000|100%|HS|  |TAMS 0x0000000087200000, 0x0000000087200000| Complete 
| 114|0x0000000087200000, 0x0000000087300000, 0x0000000087300000|100%| O|  |TAMS 0x0000000087200000, 0x0000000087300000| Untracked 
| 115|0x0000000087300000, 0x0000000087400000, 0x0000000087400000|100%| O|  |TAMS 0x0000000087300000, 0x0000000087400000| Untracked 
| 116|0x0000000087400000, 0x0000000087500000, 0x0000000087500000|100%| O|  |TAMS 0x0000000087400000, 0x0000000087500000| Untracked 
| 117|0x0000000087500000, 0x0000000087600000, 0x0000000087600000|100%| O|  |TAMS 0x0000000087500000, 0x0000000087600000| Untracked 
| 118|0x0000000087600000, 0x0000000087700000, 0x0000000087700000|100%| O|  |TAMS 0x0000000087600000, 0x0000000087700000| Untracked 
| 119|0x0000000087700000, 0x0000000087800000, 0x0000000087800000|100%| O|  |TAMS 0x0000000087700000, 0x0000000087800000| Untracked 
| 120|0x0000000087800000, 0x0000000087900000, 0x0000000087900000|100%| O|  |TAMS 0x0000000087800000, 0x0000000087900000| Untracked 
| 121|0x0000000087900000, 0x0000000087a00000, 0x0000000087a00000|100%|HS|  |TAMS 0x0000000087900000, 0x0000000087a00000| Complete 
| 122|0x0000000087a00000, 0x0000000087b00000, 0x0000000087b00000|100%| O|  |TAMS 0x0000000087a00000, 0x0000000087b00000| Untracked 
| 123|0x0000000087b00000, 0x0000000087c00000, 0x0000000087c00000|100%| O|  |TAMS 0x0000000087b00000, 0x0000000087c00000| Untracked 
| 124|0x0000000087c00000, 0x0000000087d00000, 0x0000000087d00000|100%| O|  |TAMS 0x0000000087c00000, 0x0000000087d00000| Untracked 
| 125|0x0000000087d00000, 0x0000000087e00000, 0x0000000087e00000|100%| O|  |TAMS 0x0000000087d00000, 0x0000000087e00000| Untracked 
| 126|0x0000000087e00000, 0x0000000087f00000, 0x0000000087f00000|100%| O|  |TAMS 0x0000000087e00000, 0x0000000087f00000| Untracked 
| 127|0x0000000087f00000, 0x0000000088000000, 0x0000000088000000|100%| O|  |TAMS 0x0000000087f00000, 0x0000000088000000| Untracked 
| 128|0x0000000088000000, 0x0000000088100000, 0x0000000088100000|100%| O|  |TAMS 0x0000000088000000, 0x0000000088100000| Untracked 
| 129|0x0000000088100000, 0x0000000088200000, 0x0000000088200000|100%| O|  |TAMS 0x0000000088100000, 0x0000000088200000| Untracked 
| 130|0x0000000088200000, 0x0000000088300000, 0x0000000088300000|100%| O|  |TAMS 0x0000000088200000, 0x0000000088300000| Untracked 
| 131|0x0000000088300000, 0x0000000088400000, 0x0000000088400000|100%| O|  |TAMS 0x0000000088300000, 0x0000000088400000| Untracked 
| 132|0x0000000088400000, 0x0000000088500000, 0x0000000088500000|100%| O|  |TAMS 0x0000000088400000, 0x0000000088500000| Untracked 
| 133|0x0000000088500000, 0x0000000088600000, 0x0000000088600000|100%| O|  |TAMS 0x0000000088500000, 0x0000000088600000| Untracked 
| 134|0x0000000088600000, 0x0000000088700000, 0x0000000088700000|100%| O|  |TAMS 0x0000000088600000, 0x0000000088700000| Untracked 
| 135|0x0000000088700000, 0x0000000088800000, 0x0000000088800000|100%| O|  |TAMS 0x0000000088700000, 0x0000000088800000| Untracked 
| 136|0x0000000088800000, 0x0000000088900000, 0x0000000088900000|100%| O|  |TAMS 0x0000000088800000, 0x0000000088900000| Untracked 
| 137|0x0000000088900000, 0x0000000088a00000, 0x0000000088a00000|100%| O|  |TAMS 0x0000000088900000, 0x0000000088a00000| Untracked 
| 138|0x0000000088a00000, 0x0000000088b00000, 0x0000000088b00000|100%| O|  |TAMS 0x0000000088a00000, 0x0000000088b00000| Untracked 
| 139|0x0000000088b00000, 0x0000000088c00000, 0x0000000088c00000|100%|HS|  |TAMS 0x0000000088b00000, 0x0000000088c00000| Complete 
| 140|0x0000000088c00000, 0x0000000088d00000, 0x0000000088d00000|100%|HC|  |TAMS 0x0000000088c00000, 0x0000000088d00000| Complete 
| 141|0x0000000088d00000, 0x0000000088e00000, 0x0000000088e00000|100%|HS|  |TAMS 0x0000000088d00000, 0x0000000088e00000| Complete 
| 142|0x0000000088e00000, 0x0000000088f00000, 0x0000000088f00000|100%|HC|  |TAMS 0x0000000088e00000, 0x0000000088f00000| Complete 
| 143|0x0000000088f00000, 0x0000000089000000, 0x0000000089000000|100%| O|  |TAMS 0x0000000088f00000, 0x0000000089000000| Untracked 
| 144|0x0000000089000000, 0x0000000089100000, 0x0000000089100000|100%| O|  |TAMS 0x0000000089000000, 0x0000000089100000| Untracked 
| 145|0x0000000089100000, 0x0000000089200000, 0x0000000089200000|100%| O|  |TAMS 0x0000000089100000, 0x0000000089200000| Untracked 
| 146|0x0000000089200000, 0x0000000089300000, 0x0000000089300000|100%| O|  |TAMS 0x0000000089200000, 0x0000000089300000| Untracked 
| 147|0x0000000089300000, 0x0000000089400000, 0x0000000089400000|100%| O|  |TAMS 0x0000000089300000, 0x0000000089400000| Untracked 
| 148|0x0000000089400000, 0x0000000089500000, 0x0000000089500000|100%| O|  |TAMS 0x0000000089400000, 0x0000000089500000| Untracked 
| 149|0x0000000089500000, 0x0000000089600000, 0x0000000089600000|100%| O|  |TAMS 0x0000000089500000, 0x0000000089600000| Untracked 
| 150|0x0000000089600000, 0x0000000089700000, 0x0000000089700000|100%| O|  |TAMS 0x0000000089600000, 0x0000000089700000| Untracked 
| 151|0x0000000089700000, 0x0000000089800000, 0x0000000089800000|100%| O|  |TAMS 0x0000000089700000, 0x0000000089800000| Untracked 
| 152|0x0000000089800000, 0x0000000089900000, 0x0000000089900000|100%| O|  |TAMS 0x0000000089800000, 0x0000000089900000| Untracked 
| 153|0x0000000089900000, 0x0000000089a00000, 0x0000000089a00000|100%| O|  |TAMS 0x0000000089900000, 0x0000000089a00000| Untracked 
| 154|0x0000000089a00000, 0x0000000089b00000, 0x0000000089b00000|100%| O|  |TAMS 0x0000000089a00000, 0x0000000089b00000| Untracked 
| 155|0x0000000089b00000, 0x0000000089c00000, 0x0000000089c00000|100%| O|  |TAMS 0x0000000089b00000, 0x0000000089c00000| Untracked 
| 156|0x0000000089c00000, 0x0000000089d00000, 0x0000000089d00000|100%| O|  |TAMS 0x0000000089c00000, 0x0000000089d00000| Untracked 
| 157|0x0000000089d00000, 0x0000000089e00000, 0x0000000089e00000|100%| O|  |TAMS 0x0000000089d00000, 0x0000000089e00000| Untracked 
| 158|0x0000000089e00000, 0x0000000089f00000, 0x0000000089f00000|100%| O|  |TAMS 0x0000000089e00000, 0x0000000089f00000| Untracked 
| 159|0x0000000089f00000, 0x000000008a000000, 0x000000008a000000|100%| O|  |TAMS 0x0000000089f00000, 0x000000008a000000| Untracked 
| 160|0x000000008a000000, 0x000000008a100000, 0x000000008a100000|100%| O|  |TAMS 0x000000008a000000, 0x000000008a100000| Untracked 
| 161|0x000000008a100000, 0x000000008a200000, 0x000000008a200000|100%| O|  |TAMS 0x000000008a100000, 0x000000008a200000| Untracked 
| 162|0x000000008a200000, 0x000000008a300000, 0x000000008a300000|100%| O|  |TAMS 0x000000008a200000, 0x000000008a300000| Untracked 
| 163|0x000000008a300000, 0x000000008a400000, 0x000000008a400000|100%| O|  |TAMS 0x000000008a300000, 0x000000008a400000| Untracked 
| 164|0x000000008a400000, 0x000000008a500000, 0x000000008a500000|100%| O|  |TAMS 0x000000008a400000, 0x000000008a500000| Untracked 
| 165|0x000000008a500000, 0x000000008a600000, 0x000000008a600000|100%| O|  |TAMS 0x000000008a500000, 0x000000008a600000| Untracked 
| 166|0x000000008a600000, 0x000000008a700000, 0x000000008a700000|100%| O|  |TAMS 0x000000008a600000, 0x000000008a700000| Untracked 
| 167|0x000000008a700000, 0x000000008a800000, 0x000000008a800000|100%| O|  |TAMS 0x000000008a700000, 0x000000008a800000| Untracked 
| 168|0x000000008a800000, 0x000000008a900000, 0x000000008a900000|100%| O|  |TAMS 0x000000008a800000, 0x000000008a900000| Untracked 
| 169|0x000000008a900000, 0x000000008aa00000, 0x000000008aa00000|100%| O|  |TAMS 0x000000008a900000, 0x000000008aa00000| Untracked 
| 170|0x000000008aa00000, 0x000000008ab00000, 0x000000008ab00000|100%| O|  |TAMS 0x000000008aa00000, 0x000000008ab00000| Untracked 
| 171|0x000000008ab00000, 0x000000008ac00000, 0x000000008ac00000|100%| O|  |TAMS 0x000000008ab00000, 0x000000008ac00000| Untracked 
| 172|0x000000008ac00000, 0x000000008ad00000, 0x000000008ad00000|100%| O|  |TAMS 0x000000008ac00000, 0x000000008ad00000| Untracked 
| 173|0x000000008ad00000, 0x000000008ae00000, 0x000000008ae00000|100%| O|  |TAMS 0x000000008ad00000, 0x000000008ae00000| Untracked 
| 174|0x000000008ae00000, 0x000000008af00000, 0x000000008af00000|100%| O|  |TAMS 0x000000008ae00000, 0x000000008af00000| Untracked 
| 175|0x000000008af00000, 0x000000008b000000, 0x000000008b000000|100%| O|  |TAMS 0x000000008af00000, 0x000000008b000000| Untracked 
| 176|0x000000008b000000, 0x000000008b100000, 0x000000008b100000|100%| O|  |TAMS 0x000000008b000000, 0x000000008b100000| Untracked 
| 177|0x000000008b100000, 0x000000008b200000, 0x000000008b200000|100%| O|  |TAMS 0x000000008b100000, 0x000000008b200000| Untracked 
| 178|0x000000008b200000, 0x000000008b300000, 0x000000008b300000|100%| O|  |TAMS 0x000000008b200000, 0x000000008b300000| Untracked 
| 179|0x000000008b300000, 0x000000008b400000, 0x000000008b400000|100%| O|  |TAMS 0x000000008b300000, 0x000000008b400000| Untracked 
| 180|0x000000008b400000, 0x000000008b500000, 0x000000008b500000|100%| O|  |TAMS 0x000000008b400000, 0x000000008b500000| Untracked 
| 181|0x000000008b500000, 0x000000008b600000, 0x000000008b600000|100%| O|  |TAMS 0x000000008b500000, 0x000000008b600000| Untracked 
| 182|0x000000008b600000, 0x000000008b700000, 0x000000008b700000|100%| O|  |TAMS 0x000000008b600000, 0x000000008b700000| Untracked 
| 183|0x000000008b700000, 0x000000008b800000, 0x000000008b800000|100%| O|  |TAMS 0x000000008b700000, 0x000000008b800000| Untracked 
| 184|0x000000008b800000, 0x000000008b900000, 0x000000008b900000|100%| O|  |TAMS 0x000000008b800000, 0x000000008b900000| Untracked 
| 185|0x000000008b900000, 0x000000008ba00000, 0x000000008ba00000|100%| O|  |TAMS 0x000000008b900000, 0x000000008ba00000| Untracked 
| 186|0x000000008ba00000, 0x000000008bb00000, 0x000000008bb00000|100%| O|  |TAMS 0x000000008ba00000, 0x000000008bb00000| Untracked 
| 187|0x000000008bb00000, 0x000000008bc00000, 0x000000008bc00000|100%| O|  |TAMS 0x000000008bb00000, 0x000000008bc00000| Untracked 
| 188|0x000000008bc00000, 0x000000008bd00000, 0x000000008bd00000|100%| O|  |TAMS 0x000000008bc00000, 0x000000008bd00000| Untracked 
| 189|0x000000008bd00000, 0x000000008be00000, 0x000000008be00000|100%| O|  |TAMS 0x000000008bd00000, 0x000000008be00000| Untracked 
| 190|0x000000008be00000, 0x000000008bf00000, 0x000000008bf00000|100%| O|  |TAMS 0x000000008be00000, 0x000000008bf00000| Untracked 
| 191|0x000000008bf00000, 0x000000008c000000, 0x000000008c000000|100%| O|  |TAMS 0x000000008bf00000, 0x000000008c000000| Untracked 
| 192|0x000000008c000000, 0x000000008c100000, 0x000000008c100000|100%| O|  |TAMS 0x000000008c000000, 0x000000008c100000| Untracked 
| 193|0x000000008c100000, 0x000000008c200000, 0x000000008c200000|100%| O|  |TAMS 0x000000008c100000, 0x000000008c200000| Untracked 
| 194|0x000000008c200000, 0x000000008c300000, 0x000000008c300000|100%| O|  |TAMS 0x000000008c200000, 0x000000008c300000| Untracked 
| 195|0x000000008c300000, 0x000000008c400000, 0x000000008c400000|100%| O|  |TAMS 0x000000008c300000, 0x000000008c400000| Untracked 
| 196|0x000000008c400000, 0x000000008c500000, 0x000000008c500000|100%| O|  |TAMS 0x000000008c400000, 0x000000008c500000| Untracked 
| 197|0x000000008c500000, 0x000000008c600000, 0x000000008c600000|100%| O|  |TAMS 0x000000008c500000, 0x000000008c600000| Untracked 
| 198|0x000000008c600000, 0x000000008c700000, 0x000000008c700000|100%| O|  |TAMS 0x000000008c600000, 0x000000008c700000| Untracked 
| 199|0x000000008c700000, 0x000000008c800000, 0x000000008c800000|100%| O|  |TAMS 0x000000008c700000, 0x000000008c800000| Untracked 
| 200|0x000000008c800000, 0x000000008c900000, 0x000000008c900000|100%| O|  |TAMS 0x000000008c800000, 0x000000008c900000| Untracked 
| 201|0x000000008c900000, 0x000000008ca00000, 0x000000008ca00000|100%| O|  |TAMS 0x000000008c900000, 0x000000008ca00000| Untracked 
| 202|0x000000008ca00000, 0x000000008cb00000, 0x000000008cb00000|100%| O|  |TAMS 0x000000008ca00000, 0x000000008cb00000| Untracked 
| 203|0x000000008cb00000, 0x000000008cc00000, 0x000000008cc00000|100%| O|  |TAMS 0x000000008cb00000, 0x000000008cc00000| Untracked 
| 204|0x000000008cc00000, 0x000000008cd00000, 0x000000008cd00000|100%| O|  |TAMS 0x000000008cc00000, 0x000000008cd00000| Untracked 
| 205|0x000000008cd00000, 0x000000008ce00000, 0x000000008ce00000|100%| O|  |TAMS 0x000000008cd00000, 0x000000008ce00000| Untracked 
| 206|0x000000008ce00000, 0x000000008cf00000, 0x000000008cf00000|100%| O|  |TAMS 0x000000008ce00000, 0x000000008cf00000| Untracked 
| 207|0x000000008cf00000, 0x000000008d000000, 0x000000008d000000|100%| O|  |TAMS 0x000000008cf00000, 0x000000008d000000| Untracked 
| 208|0x000000008d000000, 0x000000008d100000, 0x000000008d100000|100%| O|  |TAMS 0x000000008d000000, 0x000000008d100000| Untracked 
| 209|0x000000008d100000, 0x000000008d200000, 0x000000008d200000|100%| O|  |TAMS 0x000000008d100000, 0x000000008d200000| Untracked 
| 210|0x000000008d200000, 0x000000008d300000, 0x000000008d300000|100%| O|  |TAMS 0x000000008d200000, 0x000000008d300000| Untracked 
| 211|0x000000008d300000, 0x000000008d400000, 0x000000008d400000|100%| O|  |TAMS 0x000000008d300000, 0x000000008d400000| Untracked 
| 212|0x000000008d400000, 0x000000008d500000, 0x000000008d500000|100%| O|  |TAMS 0x000000008d400000, 0x000000008d500000| Untracked 
| 213|0x000000008d500000, 0x000000008d600000, 0x000000008d600000|100%| O|  |TAMS 0x000000008d500000, 0x000000008d600000| Untracked 
| 214|0x000000008d600000, 0x000000008d700000, 0x000000008d700000|100%| O|  |TAMS 0x000000008d600000, 0x000000008d700000| Untracked 
| 215|0x000000008d700000, 0x000000008d800000, 0x000000008d800000|100%| O|  |TAMS 0x000000008d700000, 0x000000008d800000| Untracked 
| 216|0x000000008d800000, 0x000000008d900000, 0x000000008d900000|100%| O|  |TAMS 0x000000008d800000, 0x000000008d900000| Untracked 
| 217|0x000000008d900000, 0x000000008da00000, 0x000000008da00000|100%| O|  |TAMS 0x000000008d900000, 0x000000008da00000| Untracked 
| 218|0x000000008da00000, 0x000000008db00000, 0x000000008db00000|100%| O|  |TAMS 0x000000008da00000, 0x000000008db00000| Untracked 
| 219|0x000000008db00000, 0x000000008dc00000, 0x000000008dc00000|100%| O|  |TAMS 0x000000008db00000, 0x000000008dc00000| Untracked 
| 220|0x000000008dc00000, 0x000000008dd00000, 0x000000008dd00000|100%| O|  |TAMS 0x000000008dc00000, 0x000000008dd00000| Untracked 
| 221|0x000000008dd00000, 0x000000008de00000, 0x000000008de00000|100%| O|  |TAMS 0x000000008dd00000, 0x000000008de00000| Untracked 
| 222|0x000000008de00000, 0x000000008df00000, 0x000000008df00000|100%| O|  |TAMS 0x000000008de00000, 0x000000008df00000| Untracked 
| 223|0x000000008df00000, 0x000000008e000000, 0x000000008e000000|100%| O|  |TAMS 0x000000008df00000, 0x000000008e000000| Untracked 
| 224|0x000000008e000000, 0x000000008e100000, 0x000000008e100000|100%| O|  |TAMS 0x000000008e000000, 0x000000008e100000| Untracked 
| 225|0x000000008e100000, 0x000000008e200000, 0x000000008e200000|100%| O|  |TAMS 0x000000008e100000, 0x000000008e200000| Untracked 
| 226|0x000000008e200000, 0x000000008e300000, 0x000000008e300000|100%| O|  |TAMS 0x000000008e200000, 0x000000008e300000| Untracked 
| 227|0x000000008e300000, 0x000000008e400000, 0x000000008e400000|100%| O|  |TAMS 0x000000008e300000, 0x000000008e400000| Untracked 
| 228|0x000000008e400000, 0x000000008e500000, 0x000000008e500000|100%| O|  |TAMS 0x000000008e400000, 0x000000008e500000| Untracked 
| 229|0x000000008e500000, 0x000000008e600000, 0x000000008e600000|100%| O|  |TAMS 0x000000008e500000, 0x000000008e600000| Untracked 
| 230|0x000000008e600000, 0x000000008e700000, 0x000000008e700000|100%| O|  |TAMS 0x000000008e600000, 0x000000008e700000| Untracked 
| 231|0x000000008e700000, 0x000000008e800000, 0x000000008e800000|100%| O|  |TAMS 0x000000008e700000, 0x000000008e800000| Untracked 
| 232|0x000000008e800000, 0x000000008e900000, 0x000000008e900000|100%| O|  |TAMS 0x000000008e800000, 0x000000008e900000| Untracked 
| 233|0x000000008e900000, 0x000000008ea00000, 0x000000008ea00000|100%| O|  |TAMS 0x000000008e900000, 0x000000008ea00000| Untracked 
| 234|0x000000008ea00000, 0x000000008eb00000, 0x000000008eb00000|100%| O|  |TAMS 0x000000008ea00000, 0x000000008eb00000| Untracked 
| 235|0x000000008eb00000, 0x000000008ec00000, 0x000000008ec00000|100%| O|  |TAMS 0x000000008eb00000, 0x000000008ec00000| Untracked 
| 236|0x000000008ec00000, 0x000000008ed00000, 0x000000008ed00000|100%| O|  |TAMS 0x000000008ec00000, 0x000000008ed00000| Untracked 
| 237|0x000000008ed00000, 0x000000008ee00000, 0x000000008ee00000|100%| O|  |TAMS 0x000000008ed00000, 0x000000008ee00000| Untracked 
| 238|0x000000008ee00000, 0x000000008ef00000, 0x000000008ef00000|100%| O|  |TAMS 0x000000008ee00000, 0x000000008ef00000| Untracked 
| 239|0x000000008ef00000, 0x000000008f000000, 0x000000008f000000|100%| O|  |TAMS 0x000000008ef00000, 0x000000008f000000| Untracked 
| 240|0x000000008f000000, 0x000000008f100000, 0x000000008f100000|100%| O|  |TAMS 0x000000008f000000, 0x000000008f100000| Untracked 
| 241|0x000000008f100000, 0x000000008f200000, 0x000000008f200000|100%| O|  |TAMS 0x000000008f100000, 0x000000008f200000| Untracked 
| 242|0x000000008f200000, 0x000000008f300000, 0x000000008f300000|100%| O|  |TAMS 0x000000008f200000, 0x000000008f300000| Untracked 
| 243|0x000000008f300000, 0x000000008f400000, 0x000000008f400000|100%| O|  |TAMS 0x000000008f300000, 0x000000008f400000| Untracked 
| 244|0x000000008f400000, 0x000000008f500000, 0x000000008f500000|100%| O|  |TAMS 0x000000008f400000, 0x000000008f500000| Untracked 
| 245|0x000000008f500000, 0x000000008f600000, 0x000000008f600000|100%| O|  |TAMS 0x000000008f500000, 0x000000008f600000| Untracked 
| 246|0x000000008f600000, 0x000000008f700000, 0x000000008f700000|100%| O|  |TAMS 0x000000008f600000, 0x000000008f700000| Untracked 
| 247|0x000000008f700000, 0x000000008f800000, 0x000000008f800000|100%| O|  |TAMS 0x000000008f700000, 0x000000008f800000| Untracked 
| 248|0x000000008f800000, 0x000000008f900000, 0x000000008f900000|100%| O|  |TAMS 0x000000008f800000, 0x000000008f900000| Untracked 
| 249|0x000000008f900000, 0x000000008fa00000, 0x000000008fa00000|100%| O|  |TAMS 0x000000008f900000, 0x000000008fa00000| Untracked 
| 250|0x000000008fa00000, 0x000000008fb00000, 0x000000008fb00000|100%| O|  |TAMS 0x000000008fa00000, 0x000000008fb00000| Untracked 
| 251|0x000000008fb00000, 0x000000008fc00000, 0x000000008fc00000|100%| O|  |TAMS 0x000000008fb00000, 0x000000008fc00000| Untracked 
| 252|0x000000008fc00000, 0x000000008fd00000, 0x000000008fd00000|100%| O|  |TAMS 0x000000008fc00000, 0x000000008fd00000| Untracked 
| 253|0x000000008fd00000, 0x000000008fe00000, 0x000000008fe00000|100%| O|  |TAMS 0x000000008fd00000, 0x000000008fe00000| Untracked 
| 254|0x000000008fe00000, 0x000000008ff00000, 0x000000008ff00000|100%| O|  |TAMS 0x000000008fe00000, 0x000000008ff00000| Untracked 
| 255|0x000000008ff00000, 0x0000000090000000, 0x0000000090000000|100%| O|  |TAMS 0x000000008ff00000, 0x0000000090000000| Untracked 
| 256|0x0000000090000000, 0x0000000090100000, 0x0000000090100000|100%| O|  |TAMS 0x0000000090000000, 0x0000000090100000| Untracked 
| 257|0x0000000090100000, 0x0000000090200000, 0x0000000090200000|100%| O|  |TAMS 0x0000000090100000, 0x0000000090200000| Untracked 
| 258|0x0000000090200000, 0x0000000090300000, 0x0000000090300000|100%| O|  |TAMS 0x0000000090200000, 0x0000000090300000| Untracked 
| 259|0x0000000090300000, 0x0000000090400000, 0x0000000090400000|100%| O|  |TAMS 0x0000000090300000, 0x0000000090400000| Untracked 
| 260|0x0000000090400000, 0x0000000090500000, 0x0000000090500000|100%| O|  |TAMS 0x0000000090400000, 0x0000000090500000| Untracked 
| 261|0x0000000090500000, 0x0000000090600000, 0x0000000090600000|100%| O|  |TAMS 0x0000000090500000, 0x0000000090600000| Untracked 
| 262|0x0000000090600000, 0x0000000090700000, 0x0000000090700000|100%| O|  |TAMS 0x0000000090600000, 0x0000000090700000| Untracked 
| 263|0x0000000090700000, 0x0000000090800000, 0x0000000090800000|100%| O|  |TAMS 0x0000000090700000, 0x0000000090800000| Untracked 
| 264|0x0000000090800000, 0x0000000090900000, 0x0000000090900000|100%| O|  |TAMS 0x0000000090800000, 0x0000000090900000| Untracked 
| 265|0x0000000090900000, 0x0000000090a00000, 0x0000000090a00000|100%| O|  |TAMS 0x0000000090900000, 0x0000000090a00000| Untracked 
| 266|0x0000000090a00000, 0x0000000090b00000, 0x0000000090b00000|100%| O|  |TAMS 0x0000000090a00000, 0x0000000090b00000| Untracked 
| 267|0x0000000090b00000, 0x0000000090c00000, 0x0000000090c00000|100%| O|  |TAMS 0x0000000090b00000, 0x0000000090c00000| Untracked 
| 268|0x0000000090c00000, 0x0000000090d00000, 0x0000000090d00000|100%| O|  |TAMS 0x0000000090c00000, 0x0000000090d00000| Untracked 
| 269|0x0000000090d00000, 0x0000000090e00000, 0x0000000090e00000|100%| O|  |TAMS 0x0000000090d00000, 0x0000000090e00000| Untracked 
| 270|0x0000000090e00000, 0x0000000090f00000, 0x0000000090f00000|100%| O|  |TAMS 0x0000000090e00000, 0x0000000090f00000| Untracked 
| 271|0x0000000090f00000, 0x0000000091000000, 0x0000000091000000|100%| O|  |TAMS 0x0000000090f00000, 0x0000000091000000| Untracked 
| 272|0x0000000091000000, 0x0000000091100000, 0x0000000091100000|100%| O|  |TAMS 0x0000000091000000, 0x0000000091100000| Untracked 
| 273|0x0000000091100000, 0x0000000091200000, 0x0000000091200000|100%| O|  |TAMS 0x0000000091100000, 0x0000000091200000| Untracked 
| 274|0x0000000091200000, 0x0000000091300000, 0x0000000091300000|100%| O|  |TAMS 0x0000000091200000, 0x0000000091300000| Untracked 
| 275|0x0000000091300000, 0x0000000091400000, 0x0000000091400000|100%| O|  |TAMS 0x0000000091300000, 0x0000000091400000| Untracked 
| 276|0x0000000091400000, 0x0000000091500000, 0x0000000091500000|100%| O|  |TAMS 0x0000000091400000, 0x0000000091500000| Untracked 
| 277|0x0000000091500000, 0x0000000091600000, 0x0000000091600000|100%| O|  |TAMS 0x0000000091500000, 0x0000000091600000| Untracked 
| 278|0x0000000091600000, 0x0000000091700000, 0x0000000091700000|100%| O|  |TAMS 0x0000000091600000, 0x0000000091700000| Untracked 
| 279|0x0000000091700000, 0x0000000091800000, 0x0000000091800000|100%| O|  |TAMS 0x0000000091700000, 0x0000000091800000| Untracked 
| 280|0x0000000091800000, 0x0000000091900000, 0x0000000091900000|100%| O|  |TAMS 0x0000000091800000, 0x0000000091900000| Untracked 
| 281|0x0000000091900000, 0x0000000091a00000, 0x0000000091a00000|100%| O|  |TAMS 0x0000000091900000, 0x0000000091a00000| Untracked 
| 282|0x0000000091a00000, 0x0000000091b00000, 0x0000000091b00000|100%| O|  |TAMS 0x0000000091a00000, 0x0000000091b00000| Untracked 
| 283|0x0000000091b00000, 0x0000000091c00000, 0x0000000091c00000|100%| O|  |TAMS 0x0000000091b00000, 0x0000000091c00000| Untracked 
| 284|0x0000000091c00000, 0x0000000091d00000, 0x0000000091d00000|100%| O|  |TAMS 0x0000000091c00000, 0x0000000091d00000| Untracked 
| 285|0x0000000091d00000, 0x0000000091e00000, 0x0000000091e00000|100%| O|  |TAMS 0x0000000091d00000, 0x0000000091e00000| Untracked 
| 286|0x0000000091e00000, 0x0000000091f00000, 0x0000000091f00000|100%| O|  |TAMS 0x0000000091e00000, 0x0000000091f00000| Untracked 
| 287|0x0000000091f00000, 0x0000000092000000, 0x0000000092000000|100%| O|  |TAMS 0x0000000091f00000, 0x0000000092000000| Untracked 
| 288|0x0000000092000000, 0x0000000092100000, 0x0000000092100000|100%| O|  |TAMS 0x0000000092000000, 0x0000000092100000| Untracked 
| 289|0x0000000092100000, 0x0000000092200000, 0x0000000092200000|100%| O|  |TAMS 0x0000000092100000, 0x0000000092200000| Untracked 
| 290|0x0000000092200000, 0x0000000092300000, 0x0000000092300000|100%| O|  |TAMS 0x0000000092200000, 0x0000000092300000| Untracked 
| 291|0x0000000092300000, 0x0000000092400000, 0x0000000092400000|100%| O|  |TAMS 0x0000000092300000, 0x0000000092400000| Untracked 
| 292|0x0000000092400000, 0x0000000092500000, 0x0000000092500000|100%| O|  |TAMS 0x0000000092400000, 0x0000000092500000| Untracked 
| 293|0x0000000092500000, 0x0000000092600000, 0x0000000092600000|100%| O|  |TAMS 0x0000000092500000, 0x0000000092600000| Untracked 
| 294|0x0000000092600000, 0x0000000092700000, 0x0000000092700000|100%| O|  |TAMS 0x0000000092600000, 0x0000000092700000| Untracked 
| 295|0x0000000092700000, 0x0000000092800000, 0x0000000092800000|100%| O|  |TAMS 0x0000000092700000, 0x0000000092800000| Untracked 
| 296|0x0000000092800000, 0x0000000092900000, 0x0000000092900000|100%| O|  |TAMS 0x0000000092800000, 0x0000000092900000| Untracked 
| 297|0x0000000092900000, 0x0000000092a00000, 0x0000000092a00000|100%| O|  |TAMS 0x0000000092900000, 0x0000000092a00000| Untracked 
| 298|0x0000000092a00000, 0x0000000092b00000, 0x0000000092b00000|100%| O|  |TAMS 0x0000000092a00000, 0x0000000092b00000| Untracked 
| 299|0x0000000092b00000, 0x0000000092c00000, 0x0000000092c00000|100%| O|  |TAMS 0x0000000092b00000, 0x0000000092c00000| Untracked 
| 300|0x0000000092c00000, 0x0000000092d00000, 0x0000000092d00000|100%| O|  |TAMS 0x0000000092c00000, 0x0000000092d00000| Untracked 
| 301|0x0000000092d00000, 0x0000000092e00000, 0x0000000092e00000|100%| O|  |TAMS 0x0000000092d00000, 0x0000000092e00000| Untracked 
| 302|0x0000000092e00000, 0x0000000092f00000, 0x0000000092f00000|100%| O|  |TAMS 0x0000000092e00000, 0x0000000092f00000| Untracked 
| 303|0x0000000092f00000, 0x0000000093000000, 0x0000000093000000|100%| O|  |TAMS 0x0000000092f00000, 0x0000000093000000| Untracked 
| 304|0x0000000093000000, 0x0000000093100000, 0x0000000093100000|100%| O|  |TAMS 0x0000000093000000, 0x0000000093100000| Untracked 
| 305|0x0000000093100000, 0x0000000093200000, 0x0000000093200000|100%| O|  |TAMS 0x0000000093100000, 0x0000000093200000| Untracked 
| 306|0x0000000093200000, 0x0000000093300000, 0x0000000093300000|100%| O|  |TAMS 0x0000000093200000, 0x0000000093300000| Untracked 
| 307|0x0000000093300000, 0x0000000093400000, 0x0000000093400000|100%| O|  |TAMS 0x0000000093300000, 0x0000000093400000| Untracked 
| 308|0x0000000093400000, 0x0000000093500000, 0x0000000093500000|100%| O|  |TAMS 0x0000000093400000, 0x0000000093500000| Untracked 
| 309|0x0000000093500000, 0x0000000093600000, 0x0000000093600000|100%| O|  |TAMS 0x0000000093500000, 0x0000000093600000| Untracked 
| 310|0x0000000093600000, 0x0000000093700000, 0x0000000093700000|100%| O|  |TAMS 0x0000000093600000, 0x0000000093700000| Untracked 
| 311|0x0000000093700000, 0x0000000093800000, 0x0000000093800000|100%| O|  |TAMS 0x0000000093700000, 0x0000000093800000| Untracked 
| 312|0x0000000093800000, 0x0000000093900000, 0x0000000093900000|100%| O|  |TAMS 0x0000000093800000, 0x0000000093900000| Untracked 
| 313|0x0000000093900000, 0x0000000093a00000, 0x0000000093a00000|100%| O|  |TAMS 0x0000000093900000, 0x0000000093a00000| Untracked 
| 314|0x0000000093a00000, 0x0000000093b00000, 0x0000000093b00000|100%| O|  |TAMS 0x0000000093a00000, 0x0000000093b00000| Untracked 
| 315|0x0000000093b00000, 0x0000000093c00000, 0x0000000093c00000|100%| O|  |TAMS 0x0000000093b00000, 0x0000000093c00000| Untracked 
| 316|0x0000000093c00000, 0x0000000093d00000, 0x0000000093d00000|100%| O|  |TAMS 0x0000000093c00000, 0x0000000093d00000| Untracked 
| 317|0x0000000093d00000, 0x0000000093e00000, 0x0000000093e00000|100%| O|  |TAMS 0x0000000093d00000, 0x0000000093e00000| Untracked 
| 318|0x0000000093e00000, 0x0000000093f00000, 0x0000000093f00000|100%| O|  |TAMS 0x0000000093e00000, 0x0000000093f00000| Untracked 
| 319|0x0000000093f00000, 0x0000000094000000, 0x0000000094000000|100%| O|  |TAMS 0x0000000093f00000, 0x0000000094000000| Untracked 
| 320|0x0000000094000000, 0x0000000094100000, 0x0000000094100000|100%| O|  |TAMS 0x0000000094000000, 0x0000000094100000| Untracked 
| 321|0x0000000094100000, 0x0000000094200000, 0x0000000094200000|100%| O|  |TAMS 0x0000000094100000, 0x0000000094200000| Untracked 
| 322|0x0000000094200000, 0x0000000094300000, 0x0000000094300000|100%| O|  |TAMS 0x0000000094200000, 0x0000000094300000| Untracked 
| 323|0x0000000094300000, 0x0000000094400000, 0x0000000094400000|100%| O|  |TAMS 0x0000000094300000, 0x0000000094400000| Untracked 
| 324|0x0000000094400000, 0x0000000094500000, 0x0000000094500000|100%| O|  |TAMS 0x0000000094400000, 0x0000000094500000| Untracked 
| 325|0x0000000094500000, 0x0000000094600000, 0x0000000094600000|100%| O|  |TAMS 0x0000000094500000, 0x0000000094600000| Untracked 
| 326|0x0000000094600000, 0x0000000094700000, 0x0000000094700000|100%| O|  |TAMS 0x0000000094600000, 0x0000000094700000| Untracked 
| 327|0x0000000094700000, 0x0000000094800000, 0x0000000094800000|100%| O|  |TAMS 0x0000000094700000, 0x0000000094800000| Untracked 
| 328|0x0000000094800000, 0x0000000094900000, 0x0000000094900000|100%| O|  |TAMS 0x0000000094800000, 0x0000000094900000| Untracked 
| 329|0x0000000094900000, 0x0000000094a00000, 0x0000000094a00000|100%| O|  |TAMS 0x0000000094900000, 0x0000000094a00000| Untracked 
| 330|0x0000000094a00000, 0x0000000094b00000, 0x0000000094b00000|100%| O|  |TAMS 0x0000000094a00000, 0x0000000094b00000| Untracked 
| 331|0x0000000094b00000, 0x0000000094c00000, 0x0000000094c00000|100%| O|  |TAMS 0x0000000094b00000, 0x0000000094c00000| Untracked 
| 332|0x0000000094c00000, 0x0000000094d00000, 0x0000000094d00000|100%| O|  |TAMS 0x0000000094c00000, 0x0000000094d00000| Untracked 
| 333|0x0000000094d00000, 0x0000000094e00000, 0x0000000094e00000|100%| O|  |TAMS 0x0000000094d00000, 0x0000000094e00000| Untracked 
| 334|0x0000000094e00000, 0x0000000094f00000, 0x0000000094f00000|100%| O|  |TAMS 0x0000000094e00000, 0x0000000094f00000| Untracked 
| 335|0x0000000094f00000, 0x0000000095000000, 0x0000000095000000|100%| O|  |TAMS 0x0000000094f00000, 0x0000000095000000| Untracked 
| 336|0x0000000095000000, 0x0000000095100000, 0x0000000095100000|100%| O|  |TAMS 0x0000000095000000, 0x0000000095100000| Untracked 
| 337|0x0000000095100000, 0x0000000095200000, 0x0000000095200000|100%| O|  |TAMS 0x0000000095100000, 0x0000000095200000| Untracked 
| 338|0x0000000095200000, 0x0000000095300000, 0x0000000095300000|100%| O|  |TAMS 0x0000000095200000, 0x0000000095300000| Untracked 
| 339|0x0000000095300000, 0x0000000095400000, 0x0000000095400000|100%| O|  |TAMS 0x0000000095300000, 0x0000000095400000| Untracked 
| 340|0x0000000095400000, 0x0000000095500000, 0x0000000095500000|100%|HS|  |TAMS 0x0000000095400000, 0x0000000095500000| Complete 
| 341|0x0000000095500000, 0x0000000095600000, 0x0000000095600000|100%|HS|  |TAMS 0x0000000095500000, 0x0000000095600000| Complete 
| 342|0x0000000095600000, 0x0000000095600000, 0x0000000095700000|  0%| F|  |TAMS 0x0000000095600000, 0x0000000095600000| Untracked 
| 343|0x0000000095700000, 0x0000000095700000, 0x0000000095800000|  0%| F|  |TAMS 0x0000000095700000, 0x0000000095700000| Untracked 
| 344|0x0000000095800000, 0x0000000095900000, 0x0000000095900000|100%|HS|  |TAMS 0x0000000095800000, 0x0000000095900000| Complete 
| 345|0x0000000095900000, 0x0000000095900000, 0x0000000095a00000|  0%| F|  |TAMS 0x0000000095900000, 0x0000000095900000| Untracked 
| 346|0x0000000095a00000, 0x0000000095b00000, 0x0000000095b00000|100%|HS|  |TAMS 0x0000000095a00000, 0x0000000095b00000| Complete 
| 347|0x0000000095b00000, 0x0000000095b00000, 0x0000000095c00000|  0%| F|  |TAMS 0x0000000095b00000, 0x0000000095b00000| Untracked 
| 348|0x0000000095c00000, 0x0000000095c00000, 0x0000000095d00000|  0%| F|  |TAMS 0x0000000095c00000, 0x0000000095c00000| Untracked 
| 349|0x0000000095d00000, 0x0000000095e00000, 0x0000000095e00000|100%| O|  |TAMS 0x0000000095d00000, 0x0000000095e00000| Untracked 
| 350|0x0000000095e00000, 0x0000000095f00000, 0x0000000095f00000|100%|HS|  |TAMS 0x0000000095e00000, 0x0000000095f00000| Complete 
| 351|0x0000000095f00000, 0x0000000095f45e00, 0x0000000096000000| 27%| O|  |TAMS 0x0000000095f00000, 0x0000000095f45e00| Untracked 
| 352|0x0000000096000000, 0x0000000096000000, 0x0000000096100000|  0%| F|  |TAMS 0x0000000096000000, 0x0000000096000000| Untracked 
| 353|0x0000000096100000, 0x0000000096100000, 0x0000000096200000|  0%| F|  |TAMS 0x0000000096100000, 0x0000000096100000| Untracked 
| 354|0x0000000096200000, 0x0000000096300000, 0x0000000096300000|100%| O|  |TAMS 0x0000000096200000, 0x0000000096300000| Untracked 
| 355|0x0000000096300000, 0x0000000096400000, 0x0000000096400000|100%| O|  |TAMS 0x0000000096300000, 0x0000000096400000| Untracked 
| 356|0x0000000096400000, 0x0000000096400000, 0x0000000096500000|  0%| F|  |TAMS 0x0000000096400000, 0x0000000096400000| Untracked 
| 357|0x0000000096500000, 0x0000000096500000, 0x0000000096600000|  0%| F|  |TAMS 0x0000000096500000, 0x0000000096500000| Untracked 
| 358|0x0000000096600000, 0x0000000096600000, 0x0000000096700000|  0%| F|  |TAMS 0x0000000096600000, 0x0000000096600000| Untracked 
| 359|0x0000000096700000, 0x0000000096700000, 0x0000000096800000|  0%| F|  |TAMS 0x0000000096700000, 0x0000000096700000| Untracked 
| 360|0x0000000096800000, 0x0000000096800000, 0x0000000096900000|  0%| F|  |TAMS 0x0000000096800000, 0x0000000096800000| Untracked 
| 361|0x0000000096900000, 0x0000000096900000, 0x0000000096a00000|  0%| F|  |TAMS 0x0000000096900000, 0x0000000096900000| Untracked 
| 362|0x0000000096a00000, 0x0000000096a00000, 0x0000000096b00000|  0%| F|  |TAMS 0x0000000096a00000, 0x0000000096a00000| Untracked 
| 363|0x0000000096b00000, 0x0000000096b00000, 0x0000000096c00000|  0%| F|  |TAMS 0x0000000096b00000, 0x0000000096b00000| Untracked 
| 364|0x0000000096c00000, 0x0000000096c00000, 0x0000000096d00000|  0%| F|  |TAMS 0x0000000096c00000, 0x0000000096c00000| Untracked 
| 365|0x0000000096d00000, 0x0000000096d00000, 0x0000000096e00000|  0%| F|  |TAMS 0x0000000096d00000, 0x0000000096d00000| Untracked 
| 366|0x0000000096e00000, 0x0000000096e00000, 0x0000000096f00000|  0%| F|  |TAMS 0x0000000096e00000, 0x0000000096e00000| Untracked 
| 367|0x0000000096f00000, 0x0000000096f00000, 0x0000000097000000|  0%| F|  |TAMS 0x0000000096f00000, 0x0000000096f00000| Untracked 
| 368|0x0000000097000000, 0x0000000097000000, 0x0000000097100000|  0%| F|  |TAMS 0x0000000097000000, 0x0000000097000000| Untracked 
| 369|0x0000000097100000, 0x0000000097100000, 0x0000000097200000|  0%| F|  |TAMS 0x0000000097100000, 0x0000000097100000| Untracked 
| 370|0x0000000097200000, 0x0000000097200000, 0x0000000097300000|  0%| F|  |TAMS 0x0000000097200000, 0x0000000097200000| Untracked 
| 371|0x0000000097300000, 0x0000000097300000, 0x0000000097400000|  0%| F|  |TAMS 0x0000000097300000, 0x0000000097300000| Untracked 
| 372|0x0000000097400000, 0x0000000097400000, 0x0000000097500000|  0%| F|  |TAMS 0x0000000097400000, 0x0000000097400000| Untracked 
| 373|0x0000000097500000, 0x0000000097500000, 0x0000000097600000|  0%| F|  |TAMS 0x0000000097500000, 0x0000000097500000| Untracked 
| 374|0x0000000097600000, 0x0000000097600000, 0x0000000097700000|  0%| F|  |TAMS 0x0000000097600000, 0x0000000097600000| Untracked 
| 375|0x0000000097700000, 0x0000000097700000, 0x0000000097800000|  0%| F|  |TAMS 0x0000000097700000, 0x0000000097700000| Untracked 
| 376|0x0000000097800000, 0x0000000097800000, 0x0000000097900000|  0%| F|  |TAMS 0x0000000097800000, 0x0000000097800000| Untracked 
| 377|0x0000000097900000, 0x0000000097900000, 0x0000000097a00000|  0%| F|  |TAMS 0x0000000097900000, 0x0000000097900000| Untracked 
| 378|0x0000000097a00000, 0x0000000097a5c328, 0x0000000097b00000| 36%| S|CS|TAMS 0x0000000097a00000, 0x0000000097a00000| Complete 
| 379|0x0000000097b00000, 0x0000000097b00000, 0x0000000097c00000|  0%| F|  |TAMS 0x0000000097b00000, 0x0000000097b00000| Untracked 
| 380|0x0000000097c00000, 0x0000000097d00000, 0x0000000097d00000|100%| S|CS|TAMS 0x0000000097c00000, 0x0000000097c00000| Complete 
| 381|0x0000000097d00000, 0x0000000097d00000, 0x0000000097e00000|  0%| F|  |TAMS 0x0000000097d00000, 0x0000000097d00000| Untracked 
| 382|0x0000000097e00000, 0x0000000097e00000, 0x0000000097f00000|  0%| F|  |TAMS 0x0000000097e00000, 0x0000000097e00000| Untracked 
| 383|0x0000000097f00000, 0x0000000097f00000, 0x0000000098000000|  0%| F|  |TAMS 0x0000000097f00000, 0x0000000097f00000| Untracked 
| 384|0x0000000098000000, 0x0000000098000000, 0x0000000098100000|  0%| F|  |TAMS 0x0000000098000000, 0x0000000098000000| Untracked 
| 385|0x0000000098100000, 0x0000000098100000, 0x0000000098200000|  0%| F|  |TAMS 0x0000000098100000, 0x0000000098100000| Untracked 
| 386|0x0000000098200000, 0x0000000098200000, 0x0000000098300000|  0%| F|  |TAMS 0x0000000098200000, 0x0000000098200000| Untracked 
| 387|0x0000000098300000, 0x0000000098300000, 0x0000000098400000|  0%| F|  |TAMS 0x0000000098300000, 0x0000000098300000| Untracked 
| 388|0x0000000098400000, 0x0000000098400000, 0x0000000098500000|  0%| F|  |TAMS 0x0000000098400000, 0x0000000098400000| Untracked 
| 389|0x0000000098500000, 0x0000000098500000, 0x0000000098600000|  0%| F|  |TAMS 0x0000000098500000, 0x0000000098500000| Untracked 
| 390|0x0000000098600000, 0x0000000098600000, 0x0000000098700000|  0%| F|  |TAMS 0x0000000098600000, 0x0000000098600000| Untracked 
| 391|0x0000000098700000, 0x0000000098700000, 0x0000000098800000|  0%| F|  |TAMS 0x0000000098700000, 0x0000000098700000| Untracked 
| 392|0x0000000098800000, 0x0000000098800000, 0x0000000098900000|  0%| F|  |TAMS 0x0000000098800000, 0x0000000098800000| Untracked 
| 393|0x0000000098900000, 0x0000000098900000, 0x0000000098a00000|  0%| F|  |TAMS 0x0000000098900000, 0x0000000098900000| Untracked 
| 394|0x0000000098a00000, 0x0000000098b00000, 0x0000000098b00000|100%| E|  |TAMS 0x0000000098a00000, 0x0000000098a00000| Complete 
| 395|0x0000000098b00000, 0x0000000098c00000, 0x0000000098c00000|100%| E|CS|TAMS 0x0000000098b00000, 0x0000000098b00000| Complete 
| 396|0x0000000098c00000, 0x0000000098d00000, 0x0000000098d00000|100%| E|CS|TAMS 0x0000000098c00000, 0x0000000098c00000| Complete 
| 397|0x0000000098d00000, 0x0000000098e00000, 0x0000000098e00000|100%| E|CS|TAMS 0x0000000098d00000, 0x0000000098d00000| Complete 
| 398|0x0000000098e00000, 0x0000000098f00000, 0x0000000098f00000|100%| E|CS|TAMS 0x0000000098e00000, 0x0000000098e00000| Complete 

Card table byte_map: [0x0000019b63dc0000,0x0000019b641c0000] _byte_map_base: 0x0000019b639c0000

Marking Bits (Prev, Next): (CMBitMap*) 0x0000019b4cee2c50, (CMBitMap*) 0x0000019b4cee2c10
 Prev Bits: [0x0000019b665c0000, 0x0000019b685c0000)
 Next Bits: [0x0000019b645c0000, 0x0000019b665c0000)

Polling page: 0x0000019b4c5f0000

Metaspace:

Usage:
  Non-class:    116.39 MB used.
      Class:     17.79 MB used.
       Both:    134.18 MB used.

Virtual space:
  Non-class space:      128.00 MB reserved,     117.38 MB ( 92%) committed,  2 nodes.
      Class space:      416.00 MB reserved,      18.69 MB (  4%) committed,  1 nodes.
             Both:      544.00 MB reserved,     136.06 MB ( 25%) committed. 

Chunk freelists:
   Non-Class:  10.19 MB
       Class:  13.31 MB
        Both:  23.50 MB

MaxMetaspaceSize: 512.00 MB
CompressedClassSpaceSize: 416.00 MB
Initial GC threshold: 21.00 MB
Current GC threshold: 156.50 MB
CDS: on
MetaspaceReclaimPolicy: balanced
 - commit_granule_bytes: 65536.
 - commit_granule_words: 8192.
 - virtual_space_node_default_size: 8388608.
 - enlarge_chunks_in_place: 1.
 - new_chunks_are_fully_committed: 0.
 - uncommit_free_chunks: 1.
 - use_allocation_guard: 0.
 - handle_deallocations: 1.


Internal statistics:

num_allocs_failed_limit: 12.
num_arena_births: 3076.
num_arena_deaths: 0.
num_vsnodes_births: 3.
num_vsnodes_deaths: 0.
num_space_committed: 2175.
num_space_uncommitted: 0.
num_chunks_returned_to_freelist: 12.
num_chunks_taken_from_freelist: 9390.
num_chunk_merges: 12.
num_chunk_splits: 5783.
num_chunks_enlarged: 3199.
num_inconsistent_stats: 0.

CodeHeap 'non-profiled nmethods': size=120000Kb used=18158Kb max_used=18158Kb free=101841Kb
 bounds [0x0000019b5c490000, 0x0000019b5d650000, 0x0000019b639c0000]
CodeHeap 'profiled nmethods': size=120000Kb used=42726Kb max_used=42726Kb free=77273Kb
 bounds [0x0000019b549c0000, 0x0000019b57380000, 0x0000019b5bef0000]
CodeHeap 'non-nmethods': size=5760Kb used=2504Kb max_used=2556Kb free=3256Kb
 bounds [0x0000019b5bef0000, 0x0000019b5c180000, 0x0000019b5c490000]
 total_blobs=22726 nmethods=21673 adapters=963
 compilation: enabled
              stopped_count=0, restarted_count=0
 full_count=0

Compilation events (20 events):
Event: 9211.741 Thread 0x0000019b6ac06fb0 26262       1       org.apache.xerces.impl.XMLDocumentFragmentScannerImpl::setDispatcher (6 bytes)
Event: 9211.741 Thread 0x0000019b6ac06fb0 nmethod 26262 0x0000019b5d63ba10 code [0x0000019b5d63bba0, 0x0000019b5d63bcb8]
Event: 9211.741 Thread 0x0000019b6ac06fb0 26263       3       org.apache.xerces.dom.CharacterDataImpl::<init> (11 bytes)
Event: 9211.742 Thread 0x0000019b6ac06fb0 nmethod 26263 0x0000019b57360390 code [0x0000019b57360540, 0x0000019b57360818]
Event: 9211.746 Thread 0x0000019b6ac06fb0 26264       3       org.apache.xerces.util.XMLAttributesImpl$Attribute::<init> (27 bytes)
Event: 9211.747 Thread 0x0000019b6ac06fb0 nmethod 26264 0x0000019b57360910 code [0x0000019b57360b20, 0x0000019b573612b8]
Event: 9211.751 Thread 0x0000019b6ac06fb0 26265   !   3       org.apache.xerces.parsers.XML11Configuration::setProperty (172 bytes)
Event: 9211.753 Thread 0x0000019b6ac06fb0 nmethod 26265 0x0000019b57361510 code [0x0000019b57361840, 0x0000019b57363408]
Event: 9211.753 Thread 0x0000019b6ac06fb0 26266       3       org.apache.xerces.impl.XMLDocumentScannerImpl::setProperty (84 bytes)
Event: 9211.755 Thread 0x0000019b6ac06fb0 nmethod 26266 0x0000019b57363d10 code [0x0000019b57363fe0, 0x0000019b57364f58]
Event: 9211.755 Thread 0x0000019b6ac06fb0 26267       1       org.apache.xerces.impl.XMLEntityManager::getCurrentEntity (5 bytes)
Event: 9211.755 Thread 0x0000019b6ac06fb0 nmethod 26267 0x0000019b5d63bd10 code [0x0000019b5d63bea0, 0x0000019b5d63bf78]
Event: 9211.802 Thread 0x0000019b6ac06fb0 26268       3       org.apache.xerces.impl.dtd.XMLDTDValidator::getPropertyDefault (36 bytes)
Event: 9211.802 Thread 0x0000019b6ac06fb0 nmethod 26268 0x0000019b57365410 code [0x0000019b573655e0, 0x0000019b573658a8]
Event: 9211.810 Thread 0x0000019b6ac06fb0 26269       3       java.util.Stack::<init> (5 bytes)
Event: 9211.810 Thread 0x0000019b6ac06fb0 nmethod 26269 0x0000019b57365a10 code [0x0000019b57365bc0, 0x0000019b57365dc8]
Event: 9211.811 Thread 0x0000019b6ac06fb0 26270       3       org.apache.xerces.dom.CoreDocumentImpl::createTextNode (10 bytes)
Event: 9211.812 Thread 0x0000019b6ac06fb0 nmethod 26270 0x0000019b57365e90 code [0x0000019b57366060, 0x0000019b57366478]
Event: 9211.812 Thread 0x0000019b6ac06fb0 26271       3       org.apache.xerces.dom.TextImpl::<init> (7 bytes)
Event: 9211.812 Thread 0x0000019b6ac06fb0 nmethod 26271 0x0000019b57366610 code [0x0000019b573667e0, 0x0000019b57366b18]

GC Heap History (20 events):
Event: 9194.906 GC heap before
{Heap before GC invocations=104 (full 0):
 garbage-first heap   total 408576K, used 354953K [0x0000000080000000, 0x0000000100000000)
  region size 1024K, 26 young (26624K), 4 survivors (4096K)
 Metaspace       used 134413K, committed 136256K, reserved 557056K
  class space    used 17901K, committed 18752K, reserved 425984K
}
Event: 9194.934 GC heap after
{Heap after GC invocations=105 (full 0):
 garbage-first heap   total 408576K, used 336300K [0x0000000080000000, 0x0000000100000000)
  region size 1024K, 4 young (4096K), 4 survivors (4096K)
 Metaspace       used 134413K, committed 136256K, reserved 557056K
  class space    used 17901K, committed 18752K, reserved 425984K
}
Event: 9196.710 GC heap before
{Heap before GC invocations=105 (full 0):
 garbage-first heap   total 408576K, used 356780K [0x0000000080000000, 0x0000000100000000)
  region size 1024K, 24 young (24576K), 4 survivors (4096K)
 Metaspace       used 134508K, committed 136384K, reserved 557056K
  class space    used 17909K, committed 18752K, reserved 425984K
}
Event: 9196.731 GC heap after
{Heap after GC invocations=106 (full 0):
 garbage-first heap   total 408576K, used 340800K [0x0000000080000000, 0x0000000100000000)
  region size 1024K, 3 young (3072K), 3 survivors (3072K)
 Metaspace       used 134508K, committed 136384K, reserved 557056K
  class space    used 17909K, committed 18752K, reserved 425984K
}
Event: 9199.965 GC heap before
{Heap before GC invocations=106 (full 0):
 garbage-first heap   total 408576K, used 357184K [0x0000000080000000, 0x0000000100000000)
  region size 1024K, 20 young (20480K), 3 survivors (3072K)
 Metaspace       used 134590K, committed 136448K, reserved 557056K
  class space    used 17910K, committed 18752K, reserved 425984K
}
Event: 9199.980 GC heap after
{Heap after GC invocations=107 (full 0):
 garbage-first heap   total 408576K, used 343259K [0x0000000080000000, 0x0000000100000000)
  region size 1024K, 2 young (2048K), 2 survivors (2048K)
 Metaspace       used 134590K, committed 136448K, reserved 557056K
  class space    used 17910K, committed 18752K, reserved 425984K
}
Event: 9201.204 GC heap before
{Heap before GC invocations=107 (full 0):
 garbage-first heap   total 408576K, used 360667K [0x0000000080000000, 0x0000000100000000)
  region size 1024K, 19 young (19456K), 2 survivors (2048K)
 Metaspace       used 134622K, committed 136512K, reserved 557056K
  class space    used 17912K, committed 18816K, reserved 425984K
}
Event: 9201.214 GC heap after
{Heap after GC invocations=108 (full 0):
 garbage-first heap   total 408576K, used 345081K [0x0000000080000000, 0x0000000100000000)
  region size 1024K, 2 young (2048K), 2 survivors (2048K)
 Metaspace       used 134622K, committed 136512K, reserved 557056K
  class space    used 17912K, committed 18816K, reserved 425984K
}
Event: 9201.755 GC heap before
{Heap before GC invocations=108 (full 0):
 garbage-first heap   total 408576K, used 362489K [0x0000000080000000, 0x0000000100000000)
  region size 1024K, 19 young (19456K), 2 survivors (2048K)
 Metaspace       used 134634K, committed 136512K, reserved 557056K
  class space    used 17912K, committed 18816K, reserved 425984K
}
Event: 9201.766 GC heap after
{Heap after GC invocations=109 (full 0):
 garbage-first heap   total 408576K, used 347588K [0x0000000080000000, 0x0000000100000000)
  region size 1024K, 3 young (3072K), 3 survivors (3072K)
 Metaspace       used 134634K, committed 136512K, reserved 557056K
  class space    used 17912K, committed 18816K, reserved 425984K
}
Event: 9202.812 GC heap before
{Heap before GC invocations=109 (full 0):
 garbage-first heap   total 408576K, used 362948K [0x0000000080000000, 0x0000000100000000)
  region size 1024K, 19 young (19456K), 3 survivors (3072K)
 Metaspace       used 135154K, committed 137024K, reserved 557056K
  class space    used 17983K, committed 18880K, reserved 425984K
}
Event: 9202.824 GC heap after
{Heap after GC invocations=110 (full 0):
 garbage-first heap   total 408576K, used 349491K [0x0000000080000000, 0x0000000100000000)
  region size 1024K, 2 young (2048K), 2 survivors (2048K)
 Metaspace       used 135154K, committed 137024K, reserved 557056K
  class space    used 17983K, committed 18880K, reserved 425984K
}
Event: 9206.854 GC heap before
{Heap before GC invocations=110 (full 0):
 garbage-first heap   total 408576K, used 377139K [0x0000000080000000, 0x0000000100000000)
  region size 1024K, 17 young (17408K), 2 survivors (2048K)
 Metaspace       used 135796K, committed 137792K, reserved 557056K
  class space    used 18044K, committed 19008K, reserved 425984K
}
Event: 9206.871 GC heap after
{Heap after GC invocations=111 (full 0):
 garbage-first heap   total 408576K, used 355698K [0x0000000080000000, 0x0000000100000000)
  region size 1024K, 3 young (3072K), 3 survivors (3072K)
 Metaspace       used 135796K, committed 137792K, reserved 557056K
  class space    used 18044K, committed 19008K, reserved 425984K
}
Event: 9206.938 GC heap before
{Heap before GC invocations=111 (full 0):
 garbage-first heap   total 408576K, used 363890K [0x0000000080000000, 0x0000000100000000)
  region size 1024K, 5 young (5120K), 3 survivors (3072K)
 Metaspace       used 135796K, committed 137792K, reserved 557056K
  class space    used 18044K, committed 19008K, reserved 425984K
}
Event: 9206.942 GC heap after
{Heap after GC invocations=112 (full 0):
 garbage-first heap   total 408576K, used 357930K [0x0000000080000000, 0x0000000100000000)
  region size 1024K, 1 young (1024K), 1 survivors (1024K)
 Metaspace       used 135796K, committed 137792K, reserved 557056K
  class space    used 18044K, committed 19008K, reserved 425984K
}
Event: 9209.277 GC heap before
{Heap before GC invocations=112 (full 0):
 garbage-first heap   total 408576K, used 376362K [0x0000000080000000, 0x0000000100000000)
  region size 1024K, 19 young (19456K), 1 survivors (1024K)
 Metaspace       used 136382K, committed 138368K, reserved 557056K
  class space    used 18102K, committed 19072K, reserved 425984K
}
Event: 9209.283 GC heap after
{Heap after GC invocations=113 (full 0):
 garbage-first heap   total 408576K, used 357255K [0x0000000080000000, 0x0000000100000000)
  region size 1024K, 1 young (1024K), 1 survivors (1024K)
 Metaspace       used 136382K, committed 138368K, reserved 557056K
  class space    used 18102K, committed 19072K, reserved 425984K
}
Event: 9211.097 GC heap before
{Heap before GC invocations=113 (full 0):
 garbage-first heap   total 408576K, used 374663K [0x0000000080000000, 0x0000000100000000)
  region size 1024K, 19 young (19456K), 1 survivors (1024K)
 Metaspace       used 137218K, committed 139200K, reserved 557056K
  class space    used 18208K, committed 19136K, reserved 425984K
}
Event: 9211.102 GC heap after
{Heap after GC invocations=114 (full 0):
 garbage-first heap   total 408576K, used 358024K [0x0000000080000000, 0x0000000100000000)
  region size 1024K, 2 young (2048K), 2 survivors (2048K)
 Metaspace       used 137218K, committed 139200K, reserved 557056K
  class space    used 18208K, committed 19136K, reserved 425984K
}

Dll operation events (15 events):
Event: 0.017 Loaded shared library C:\Program Files\Eclipse Adoptium\jdk-17.0.20.101-hotspot\bin\java.dll
Event: 0.039 Loaded shared library C:\Program Files\Eclipse Adoptium\jdk-17.0.20.101-hotspot\bin\jsvml.dll
Event: 0.126 Loaded shared library C:\Program Files\Eclipse Adoptium\jdk-17.0.20.101-hotspot\bin\zip.dll
Event: 0.131 Loaded shared library C:\Program Files\Eclipse Adoptium\jdk-17.0.20.101-hotspot\bin\instrument.dll
Event: 0.138 Loaded shared library C:\Program Files\Eclipse Adoptium\jdk-17.0.20.101-hotspot\bin\net.dll
Event: 0.141 Loaded shared library C:\Program Files\Eclipse Adoptium\jdk-17.0.20.101-hotspot\bin\nio.dll
Event: 0.146 Loaded shared library C:\Program Files\Eclipse Adoptium\jdk-17.0.20.101-hotspot\bin\zip.dll
Event: 0.503 Loaded shared library C:\Program Files\Eclipse Adoptium\jdk-17.0.20.101-hotspot\bin\jimage.dll
Event: 0.657 Loaded shared library C:\Program Files\Eclipse Adoptium\jdk-17.0.20.101-hotspot\bin\verify.dll
Event: 0.955 Loaded shared library C:\Users\PC-001\.gradle\native\c067742578af261105cb4f569cf0c3c89f3d7b1fecec35dd04571415982c5e48\windows-amd64\native-platform.dll
Event: 0.984 Loaded shared library C:\Users\PC-001\.gradle\native\38dada09dfb8b06ba9b0570ebf7e218e3eb74d4ef43ca46872605cf95ebc2f47\windows-amd64\native-platform-file-events.dll
Event: 3.244 Loaded shared library C:\Program Files\Eclipse Adoptium\jdk-17.0.20.101-hotspot\bin\management.dll
Event: 3.248 Loaded shared library C:\Program Files\Eclipse Adoptium\jdk-17.0.20.101-hotspot\bin\management_ext.dll
Event: 3.613 Loaded shared library C:\Program Files\Eclipse Adoptium\jdk-17.0.20.101-hotspot\bin\extnet.dll
Event: 4.130 Loaded shared library C:\Program Files\Eclipse Adoptium\jdk-17.0.20.101-hotspot\bin\sunmscapi.dll

Deoptimization events (20 events):
Event: 9209.898 Thread 0x0000019b720759a0 DEOPT PACKING pc=0x0000019b572c87c9 sp=0x000000055e5fe350
Event: 9209.898 Thread 0x0000019b720759a0 DEOPT UNPACKING pc=0x0000019b5bf47143 sp=0x000000055e5fd7f0 mode 0
Event: 9210.084 Thread 0x0000019b720759a0 DEOPT PACKING pc=0x0000019b572c87c9 sp=0x000000055e5fe770
Event: 9210.084 Thread 0x0000019b720759a0 DEOPT UNPACKING pc=0x0000019b5bf47143 sp=0x000000055e5fdc10 mode 0
Event: 9210.801 Thread 0x0000019b720759a0 DEOPT PACKING pc=0x0000019b572c87c9 sp=0x000000055e5fe610
Event: 9210.801 Thread 0x0000019b720759a0 DEOPT UNPACKING pc=0x0000019b5bf47143 sp=0x000000055e5fdab0 mode 0
Event: 9211.441 Thread 0x0000019b7b12fd60 DEOPT PACKING pc=0x0000019b554d225f sp=0x000000055c1f89e0
Event: 9211.441 Thread 0x0000019b7b12fd60 DEOPT UNPACKING pc=0x0000019b5bf47143 sp=0x000000055c1f7e68 mode 0
Event: 9211.803 Thread 0x0000019b7b12fd60 Uncommon trap: trap_request=0xffffff45 fr.pc=0x0000019b5c4adcb8 relative=0x0000000000000218
Event: 9211.803 Thread 0x0000019b7b12fd60 Uncommon trap: reason=unstable_if action=reinterpret pc=0x0000019b5c4adcb8 method=java.lang.String.getChars(II[CI)V @ 23 c2
Event: 9211.803 Thread 0x0000019b7b12fd60 DEOPT PACKING pc=0x0000019b5c4adcb8 sp=0x000000055c1f8c40
Event: 9211.803 Thread 0x0000019b7b12fd60 DEOPT UNPACKING pc=0x0000019b5bf469a3 sp=0x000000055c1f8bd8 mode 2
Event: 9211.804 Thread 0x0000019b7b12fd60 Uncommon trap: trap_request=0xffffff45 fr.pc=0x0000019b5ce6f848 relative=0x0000000000000488
Event: 9211.804 Thread 0x0000019b7b12fd60 Uncommon trap: reason=unstable_if action=reinterpret pc=0x0000019b5ce6f848 method=java.lang.AbstractStringBuilder.appendChars([CII)V @ 43 c2
Event: 9211.804 Thread 0x0000019b7b12fd60 DEOPT PACKING pc=0x0000019b5ce6f848 sp=0x000000055c1f8c70
Event: 9211.804 Thread 0x0000019b7b12fd60 DEOPT UNPACKING pc=0x0000019b5bf469a3 sp=0x000000055c1f8b98 mode 2
Event: 9211.805 Thread 0x0000019b7b12fd60 Uncommon trap: trap_request=0xffffff45 fr.pc=0x0000019b5c81d390 relative=0x00000000000002f0
Event: 9211.805 Thread 0x0000019b7b12fd60 Uncommon trap: reason=unstable_if action=reinterpret pc=0x0000019b5c81d390 method=java.lang.AbstractStringBuilder.appendChars([CII)V @ 10 c2
Event: 9211.805 Thread 0x0000019b7b12fd60 DEOPT PACKING pc=0x0000019b5c81d390 sp=0x000000055c1f8bf0
Event: 9211.805 Thread 0x0000019b7b12fd60 DEOPT UNPACKING pc=0x0000019b5bf469a3 sp=0x000000055c1f8b88 mode 2

Classes loaded (20 events):
Event: 9202.940 Loading class org/w3c/dom/events/EventException
Event: 9202.940 Loading class org/w3c/dom/events/EventException done
Event: 9202.941 Loading class org/w3c/dom/traversal/TreeWalker
Event: 9202.942 Loading class org/w3c/dom/traversal/TreeWalker done
Event: 9202.942 Loading class org/w3c/dom/traversal/NodeIterator
Event: 9202.942 Loading class org/w3c/dom/traversal/NodeIterator done
Event: 9206.693 Loading class java/util/zip/ZipInputStream
Event: 9206.693 Loading class java/util/zip/ZipInputStream done
Event: 9206.694 Loading class java/io/PushbackInputStream
Event: 9206.695 Loading class java/io/PushbackInputStream done
Event: 9209.464 Loading class java/util/concurrent/ConcurrentLinkedDeque
Event: 9209.465 Loading class java/util/concurrent/ConcurrentLinkedDeque done
Event: 9209.465 Loading class java/util/concurrent/ConcurrentLinkedDeque$Node
Event: 9209.465 Loading class java/util/concurrent/ConcurrentLinkedDeque$Node done
Event: 9211.389 Loading class org/xml/sax/ext/DefaultHandler2
Event: 9211.390 Loading class org/xml/sax/ext/LexicalHandler
Event: 9211.390 Loading class org/xml/sax/ext/LexicalHandler done
Event: 9211.390 Loading class org/xml/sax/ext/DeclHandler
Event: 9211.390 Loading class org/xml/sax/ext/DeclHandler done
Event: 9211.390 Loading class org/xml/sax/ext/DefaultHandler2 done

Classes unloaded (0 events):
No events

Classes redefined (0 events):
No events

Internal exceptions (20 events):
Event: 9210.754 Thread 0x0000019b6ae048a0 Exception <a 'sun/nio/fs/WindowsException'{0x000000009826e160}> (0x000000009826e160) 
thrown [s\src\hotspot\share\prims\jni.cpp, line 516]
Event: 9210.757 Thread 0x0000019b6ae048a0 Exception <a 'sun/nio/fs/WindowsException'{0x000000009826f498}> (0x000000009826f498) 
thrown [s\src\hotspot\share\prims\jni.cpp, line 516]
Event: 9210.758 Thread 0x0000019b6ae048a0 Exception <a 'sun/nio/fs/WindowsException'{0x0000000098270a50}> (0x0000000098270a50) 
thrown [s\src\hotspot\share\prims\jni.cpp, line 516]
Event: 9210.761 Thread 0x0000019b6ae048a0 Exception <a 'sun/nio/fs/WindowsException'{0x0000000098271d98}> (0x0000000098271d98) 
thrown [s\src\hotspot\share\prims\jni.cpp, line 516]
Event: 9210.810 Thread 0x0000019b6ae048a0 Exception <a 'sun/nio/fs/WindowsException'{0x00000000981164e8}> (0x00000000981164e8) 
thrown [s\src\hotspot\share\prims\jni.cpp, line 516]
Event: 9210.825 Thread 0x0000019b6ae048a0 Exception <a 'sun/nio/fs/WindowsException'{0x000000009814e418}> (0x000000009814e418) 
thrown [s\src\hotspot\share\prims\jni.cpp, line 516]
Event: 9210.825 Thread 0x0000019b6ae048a0 Exception <a 'sun/nio/fs/WindowsException'{0x000000009814f2c8}> (0x000000009814f2c8) 
thrown [s\src\hotspot\share\prims\jni.cpp, line 516]
Event: 9210.825 Thread 0x0000019b6ae048a0 Exception <a 'sun/nio/fs/WindowsException'{0x000000009814f440}> (0x000000009814f440) 
thrown [s\src\hotspot\share\prims\jni.cpp, line 516]
Event: 9210.825 Thread 0x0000019b6ae048a0 Exception <a 'sun/nio/fs/WindowsException'{0x0000000098150e60}> (0x0000000098150e60) 
thrown [s\src\hotspot\share\prims\jni.cpp, line 516]
Event: 9210.826 Thread 0x0000019b6ae048a0 Exception <a 'sun/nio/fs/WindowsException'{0x0000000098151e68}> (0x0000000098151e68) 
thrown [s\src\hotspot\share\prims\jni.cpp, line 516]
Event: 9210.941 Thread 0x0000019b6ae048a0 Exception <a 'sun/nio/fs/WindowsException'{0x0000000098025758}> (0x0000000098025758) 
thrown [s\src\hotspot\share\prims\jni.cpp, line 516]
Event: 9210.998 Thread 0x0000019b6ae048a0 Exception <a 'sun/nio/fs/WindowsException'{0x000000009805c9d8}> (0x000000009805c9d8) 
thrown [s\src\hotspot\share\prims\jni.cpp, line 516]
Event: 9210.999 Thread 0x0000019b6ae048a0 Exception <a 'sun/nio/fs/WindowsException'{0x000000009805d870}> (0x000000009805d870) 
thrown [s\src\hotspot\share\prims\jni.cpp, line 516]
Event: 9210.999 Thread 0x0000019b6ae048a0 Exception <a 'sun/nio/fs/WindowsException'{0x000000009805d9d0}> (0x000000009805d9d0) 
thrown [s\src\hotspot\share\prims\jni.cpp, line 516]
Event: 9210.999 Thread 0x0000019b6ae048a0 Exception <a 'sun/nio/fs/WindowsException'{0x000000009805f3f0}> (0x000000009805f3f0) 
thrown [s\src\hotspot\share\prims\jni.cpp, line 516]
Event: 9210.999 Thread 0x0000019b6ae048a0 Exception <a 'sun/nio/fs/WindowsException'{0x00000000980603c0}> (0x00000000980603c0) 
thrown [s\src\hotspot\share\prims\jni.cpp, line 516]
Event: 9211.082 Thread 0x0000019b7b12fd60 Exception <a 'sun/nio/fs/WindowsException'{0x0000000097d23188}> (0x0000000097d23188) 
thrown [s\src\hotspot\share\prims\jni.cpp, line 516]
Event: 9211.082 Thread 0x0000019b7b12fd60 Exception <a 'sun/nio/fs/WindowsException'{0x0000000097d24298}> (0x0000000097d24298) 
thrown [s\src\hotspot\share\prims\jni.cpp, line 516]
Event: 9211.082 Thread 0x0000019b7b12fd60 Exception <a 'sun/nio/fs/WindowsException'{0x0000000097d243c8}> (0x0000000097d243c8) 
thrown [s\src\hotspot\share\prims\jni.cpp, line 516]
Event: 9211.336 Thread 0x0000019b7b12fd60 Exception <a 'sun/nio/fs/WindowsException'{0x0000000098dbd960}> (0x0000000098dbd960) 
thrown [s\src\hotspot\share\prims\jni.cpp, line 516]

VM Operations (20 events):
Event: 9206.027 Executing VM operation: Cleanup
Event: 9206.027 Executing VM operation: Cleanup done
Event: 9206.853 Executing VM operation: G1TryInitiateConcMark
Event: 9206.872 Executing VM operation: G1TryInitiateConcMark done
Event: 9206.938 Executing VM operation: G1TryInitiateConcMark
Event: 9206.943 Executing VM operation: G1TryInitiateConcMark done
Event: 9207.020 Executing VM operation: HandshakeAllThreads
Event: 9207.021 Executing VM operation: HandshakeAllThreads done
Event: 9208.029 Executing VM operation: Cleanup
Event: 9208.029 Executing VM operation: Cleanup done
Event: 9209.043 Executing VM operation: Cleanup
Event: 9209.043 Executing VM operation: Cleanup done
Event: 9209.277 Executing VM operation: G1CollectForAllocation
Event: 9209.277 Executing VM operation: G1CollectForAllocation done
Event: 9209.277 Executing VM operation: G1CollectForAllocation
Event: 9209.283 Executing VM operation: G1CollectForAllocation done
Event: 9210.296 Executing VM operation: Cleanup
Event: 9210.296 Executing VM operation: Cleanup done
Event: 9211.097 Executing VM operation: G1CollectForAllocation
Event: 9211.102 Executing VM operation: G1CollectForAllocation done

Memory protections (0 events):
No events

Nmethod flushes (20 events):
Event: 9082.908 Thread 0x0000019b6abf9940 flushing  nmethod 0x0000019b56e2f390
Event: 9082.908 Thread 0x0000019b6abf9940 flushing  nmethod 0x0000019b56e30210
Event: 9082.908 Thread 0x0000019b6abf9940 flushing  nmethod 0x0000019b56e30710
Event: 9082.908 Thread 0x0000019b6abf9940 flushing  nmethod 0x0000019b56e31510
Event: 9082.908 Thread 0x0000019b6abf9940 flushing  nmethod 0x0000019b56e35790
Event: 9082.908 Thread 0x0000019b6abf9940 flushing  nmethod 0x0000019b56e37710
Event: 9082.908 Thread 0x0000019b6abf9940 flushing  nmethod 0x0000019b56e45b10
Event: 9082.908 Thread 0x0000019b6abf9940 flushing  nmethod 0x0000019b56e5d010
Event: 9082.908 Thread 0x0000019b6abf9940 flushing  nmethod 0x0000019b56e5e910
Event: 9082.908 Thread 0x0000019b6abf9940 flushing  nmethod 0x0000019b56e81d10
Event: 9082.908 Thread 0x0000019b6abf9940 flushing  nmethod 0x0000019b56e82110
Event: 9082.908 Thread 0x0000019b6abf9940 flushing  nmethod 0x0000019b56ea0210
Event: 9193.368 Thread 0x0000019b6abf9940 flushing  nmethod 0x0000019b54a72d90
Event: 9193.406 Thread 0x0000019b6abf9940 flushing  nmethod 0x0000019b56df6090
Event: 9193.406 Thread 0x0000019b6abf9940 flushing  nmethod 0x0000019b56e02b90
Event: 9193.406 Thread 0x0000019b6abf9940 flushing  nmethod 0x0000019b56e03410
Event: 9193.406 Thread 0x0000019b6abf9940 flushing  nmethod 0x0000019b56e06190
Event: 9193.406 Thread 0x0000019b6abf9940 flushing  nmethod 0x0000019b56e0e590
Event: 9193.407 Thread 0x0000019b6abf9940 flushing  nmethod 0x0000019b56e95890
Event: 9193.407 Thread 0x0000019b6abf9940 flushing  nmethod 0x0000019b56e9ce10

Events (20 events):
Event: 9196.495 Thread 0x0000019b7cc5f2f0 Thread exited: 0x0000019b7cc5f2f0
Event: 9201.982 Thread 0x0000019b72b6c690 Thread added: 0x0000019b71097010
Event: 9201.983 Thread 0x0000019b72b6c690 Thread added: 0x0000019b71097520
Event: 9201.996 Thread 0x0000019b7b1288f0 Thread added: 0x0000019b720759a0
Event: 9202.494 Thread 0x0000019b7b12fd60 Thread added: 0x0000019b72076de0
Event: 9202.506 Thread 0x0000019b6ae02020 Thread added: 0x0000019b720772f0
Event: 9202.527 Thread 0x0000019b6ae048a0 Thread added: 0x0000019b72075490
Event: 9202.536 Thread 0x0000019b7b1288f0 Thread added: 0x0000019b72074560
Event: 9203.136 Thread 0x0000019b7b12fd60 Thread added: 0x0000019b70e5b6a0
Event: 9203.136 Thread 0x0000019b7b12fd60 Thread added: 0x0000019b70e5ac80
Event: 9203.137 Thread 0x0000019b7b12fd60 Thread added: 0x0000019b70e5b190
Event: 9206.623 Thread 0x0000019b6ac06fb0 Thread added: 0x0000019b74d23c70
Event: 9207.032 Thread 0x0000019b74d23c70 Thread exited: 0x0000019b74d23c70
Event: 9207.240 Thread 0x0000019b6ac05110 Thread added: 0x0000019b74d21740
Event: 9207.952 Thread 0x0000019b74d21740 Thread exited: 0x0000019b74d21740
Event: 9209.071 Thread 0x0000019b6ac06fb0 Thread added: 0x0000019b74d231d0
Event: 9209.442 Thread 0x0000019b74d231d0 Thread exited: 0x0000019b74d231d0
Event: 9211.022 Thread 0x0000019b7b12fd60 Thread added: 0x0000019b70e59330
Event: 9211.087 Thread 0x0000019b6ac06fb0 Thread added: 0x0000019b74d231d0
Event: 9211.600 Thread 0x0000019b74d231d0 Thread exited: 0x0000019b74d231d0


Dynamic libraries:
0x00007ff74a970000 - 0x00007ff74a97e000 	C:\Program Files\Eclipse Adoptium\jdk-17.0.20.101-hotspot\bin\java.exe
0x00007ffd27170000 - 0x00007ffd27368000 	C:\WINDOWS\SYSTEM32\ntdll.dll
0x00007ffd252b0000 - 0x00007ffd25372000 	C:\WINDOWS\System32\KERNEL32.DLL
0x00007ffd24b60000 - 0x00007ffd24e56000 	C:\WINDOWS\System32\KERNELBASE.dll
0x00007ffd24a60000 - 0x00007ffd24b60000 	C:\WINDOWS\System32\ucrtbase.dll
0x00007ffd15300000 - 0x00007ffd1531e000 	C:\Program Files\Eclipse Adoptium\jdk-17.0.20.101-hotspot\bin\VCRUNTIME140.dll
0x00007ffd14e60000 - 0x00007ffd14e78000 	C:\Program Files\Eclipse Adoptium\jdk-17.0.20.101-hotspot\bin\jli.dll
0x00007ffd25a20000 - 0x00007ffd25bc1000 	C:\WINDOWS\System32\USER32.dll
0x00007ffd16a00000 - 0x00007ffd16c9b000 	C:\WINDOWS\WinSxS\amd64_microsoft.windows.common-controls_6595b64144ccf1df_6.0.19041.6456_none_60b8a6cb71f64256\COMCTL32.dll
0x00007ffd24890000 - 0x00007ffd248b2000 	C:\WINDOWS\System32\win32u.dll
0x00007ffd27080000 - 0x00007ffd2711e000 	C:\WINDOWS\System32\msvcrt.dll
0x00007ffd261e0000 - 0x00007ffd2620b000 	C:\WINDOWS\System32\GDI32.dll
0x00007ffd24940000 - 0x00007ffd24a59000 	C:\WINDOWS\System32\gdi32full.dll
0x00007ffd24e60000 - 0x00007ffd24efd000 	C:\WINDOWS\System32\msvcp_win.dll
0x00007ffd25d00000 - 0x00007ffd25d2f000 	C:\WINDOWS\System32\IMM32.DLL
0x00007ffd24550000 - 0x00007ffd24587000 	C:\WINDOWS\system32\DriverStore\FileRepository\nvacwu.inf_amd64_9d2734742a07f3cf\nvinitx.dll
0x00007ffd26fc0000 - 0x00007ffd27071000 	C:\WINDOWS\System32\ADVAPI32.dll
0x00007ffd267b0000 - 0x00007ffd2684f000 	C:\WINDOWS\System32\sechost.dll
0x00007ffd24540000 - 0x00007ffd2454a000 	C:\WINDOWS\SYSTEM32\VERSION.dll
0x00007ffd25190000 - 0x00007ffd252b0000 	C:\WINDOWS\System32\RPCRT4.dll
0x00007ffd25160000 - 0x00007ffd25187000 	C:\WINDOWS\System32\bcrypt.dll
0x00007ffd26850000 - 0x00007ffd26fc0000 	C:\WINDOWS\System32\Shell32.dll
0x00007ffd227e0000 - 0x00007ffd22f85000 	C:\WINDOWS\SYSTEM32\windows.storage.dll
0x00007ffd25d50000 - 0x00007ffd260a4000 	C:\WINDOWS\System32\combase.dll
0x00007ffd24020000 - 0x00007ffd2404b000 	C:\WINDOWS\SYSTEM32\Wldp.dll
0x00007ffd260b0000 - 0x00007ffd2617d000 	C:\WINDOWS\System32\OLEAUT32.dll
0x00007ffd26460000 - 0x00007ffd2650d000 	C:\WINDOWS\System32\SHCORE.dll
0x00007ffd26180000 - 0x00007ffd261db000 	C:\WINDOWS\System32\shlwapi.dll
0x000000006b610000 - 0x000000006b616000 	C:\Program Files\NVIDIA Corporation\CoProcManager\_etoured.dll
0x00007ffd12080000 - 0x00007ffd120c4000 	C:\Program Files\NVIDIA Corporation\CoProcManager\nvd3d9wrapx.dll
0x00007ffd25380000 - 0x00007ffd257f0000 	C:\WINDOWS\System32\SETUPAPI.dll
0x00007ffd25110000 - 0x00007ffd2515e000 	C:\WINDOWS\System32\cfgmgr32.dll
0x00007ffd12550000 - 0x00007ffd1257e000 	C:\Program Files\NVIDIA Corporation\CoProcManager\nvdxgiwrapx.dll
0x00007ffd152f0000 - 0x00007ffd152fc000 	C:\Program Files\Eclipse Adoptium\jdk-17.0.20.101-hotspot\bin\vcruntime140_1.dll
0x00007ffcf1730000 - 0x00007ffcf17bd000 	C:\Program Files\Eclipse Adoptium\jdk-17.0.20.101-hotspot\bin\msvcp140.dll
0x00007ffce9520000 - 0x00007ffcea18c000 	C:\Program Files\Eclipse Adoptium\jdk-17.0.20.101-hotspot\bin\server\jvm.dll
0x00007ffd26270000 - 0x00007ffd262db000 	C:\WINDOWS\System32\WS2_32.dll
0x00007ffd245b0000 - 0x00007ffd245fb000 	C:\WINDOWS\SYSTEM32\POWRPROF.dll
0x00007ffd14500000 - 0x00007ffd14527000 	C:\WINDOWS\SYSTEM32\WINMM.dll
0x00007ffd24590000 - 0x00007ffd245a2000 	C:\WINDOWS\SYSTEM32\UMPDC.dll
0x00007ffd225e0000 - 0x00007ffd225f2000 	C:\WINDOWS\SYSTEM32\kernel.appcore.dll
0x00007ffd15230000 - 0x00007ffd1523a000 	C:\Program Files\Eclipse Adoptium\jdk-17.0.20.101-hotspot\bin\jimage.dll
0x00007ffd145c0000 - 0x00007ffd147c1000 	C:\WINDOWS\SYSTEM32\DBGHELP.DLL
0x00007ffd0f5e0000 - 0x00007ffd0f614000 	C:\WINDOWS\SYSTEM32\dbgcore.DLL
0x00007ffd24800000 - 0x00007ffd24882000 	C:\WINDOWS\System32\bcryptPrimitives.dll
0x00007ffcfdff0000 - 0x00007ffcfdffe000 	C:\Program Files\Eclipse Adoptium\jdk-17.0.20.101-hotspot\bin\instrument.dll
0x00007ffd0e970000 - 0x00007ffd0e995000 	C:\Program Files\Eclipse Adoptium\jdk-17.0.20.101-hotspot\bin\java.dll
0x00007ffcf13f0000 - 0x00007ffcf14c7000 	C:\Program Files\Eclipse Adoptium\jdk-17.0.20.101-hotspot\bin\jsvml.dll
0x00007ffd24730000 - 0x00007ffd24754000 	C:\WINDOWS\SYSTEM32\profapi.dll
0x00007ffd0ba30000 - 0x00007ffd0ba48000 	C:\Program Files\Eclipse Adoptium\jdk-17.0.20.101-hotspot\bin\zip.dll
0x00007ffd0fb10000 - 0x00007ffd0fb2a000 	C:\Program Files\Eclipse Adoptium\jdk-17.0.20.101-hotspot\bin\net.dll
0x00007ffd1aaf0000 - 0x00007ffd1abfa000 	C:\WINDOWS\SYSTEM32\WINHTTP.dll
0x00007ffd23e00000 - 0x00007ffd23e6a000 	C:\WINDOWS\system32\mswsock.dll
0x00007ffd0f590000 - 0x00007ffd0f5a6000 	C:\Program Files\Eclipse Adoptium\jdk-17.0.20.101-hotspot\bin\nio.dll
0x00007ffd14e50000 - 0x00007ffd14e60000 	C:\Program Files\Eclipse Adoptium\jdk-17.0.20.101-hotspot\bin\verify.dll
0x00007ffcfd120000 - 0x00007ffcfd147000 	C:\Users\PC-001\.gradle\native\c067742578af261105cb4f569cf0c3c89f3d7b1fecec35dd04571415982c5e48\windows-amd64\native-platform.dll
0x00007ffcf0cd0000 - 0x00007ffcf0e14000 	C:\Users\PC-001\.gradle\native\38dada09dfb8b06ba9b0570ebf7e218e3eb74d4ef43ca46872605cf95ebc2f47\windows-amd64\native-platform-file-events.dll
0x00007ffd08170000 - 0x00007ffd0817a000 	C:\Program Files\Eclipse Adoptium\jdk-17.0.20.101-hotspot\bin\management.dll
0x00007ffd04c80000 - 0x00007ffd04c8c000 	C:\Program Files\Eclipse Adoptium\jdk-17.0.20.101-hotspot\bin\management_ext.dll
0x00007ffd26450000 - 0x00007ffd26458000 	C:\WINDOWS\System32\PSAPI.DLL
0x00007ffd24420000 - 0x00007ffd24438000 	C:\WINDOWS\SYSTEM32\CRYPTSP.dll
0x00007ffd23740000 - 0x00007ffd23778000 	C:\WINDOWS\system32\rsaenh.dll
0x00007ffd246b0000 - 0x00007ffd246de000 	C:\WINDOWS\SYSTEM32\USERENV.dll
0x00007ffd23f90000 - 0x00007ffd23f9c000 	C:\WINDOWS\SYSTEM32\CRYPTBASE.dll
0x00007ffd23b00000 - 0x00007ffd23b3b000 	C:\WINDOWS\SYSTEM32\IPHLPAPI.DLL
0x00007ffd27120000 - 0x00007ffd27128000 	C:\WINDOWS\System32\NSI.dll
0x00007ffd1c1a0000 - 0x00007ffd1c1b7000 	C:\WINDOWS\SYSTEM32\dhcpcsvc6.DLL
0x00007ffd1d020000 - 0x00007ffd1d03d000 	C:\WINDOWS\SYSTEM32\dhcpcsvc.DLL
0x00007ffd23b40000 - 0x00007ffd23c0a000 	C:\WINDOWS\SYSTEM32\DNSAPI.dll
0x00007ffd03ca0000 - 0x00007ffd03ca9000 	C:\Program Files\Eclipse Adoptium\jdk-17.0.20.101-hotspot\bin\extnet.dll
0x00007ffcfdfe0000 - 0x00007ffcfdfee000 	C:\Program Files\Eclipse Adoptium\jdk-17.0.20.101-hotspot\bin\sunmscapi.dll
0x00007ffd24f00000 - 0x00007ffd2505d000 	C:\WINDOWS\System32\CRYPT32.dll
0x00007ffd24090000 - 0x00007ffd240b7000 	C:\WINDOWS\SYSTEM32\ncrypt.dll
0x00007ffd24050000 - 0x00007ffd2408b000 	C:\WINDOWS\SYSTEM32\NTASN1.dll
0x00007ffcbf610000 - 0x00007ffcbf617000 	C:\WINDOWS\system32\wshunix.dll
0x00007ffd0ade0000 - 0x00007ffd0adf7000 	C:\WINDOWS\system32\napinsp.dll
0x00007ffd0a3a0000 - 0x00007ffd0a3bb000 	C:\WINDOWS\system32\pnrpnsp.dll
0x00007ffd0a380000 - 0x00007ffd0a39d000 	C:\WINDOWS\system32\wshbth.dll
0x00007ffd20880000 - 0x00007ffd2089d000 	C:\WINDOWS\system32\NLAapi.dll
0x00007ffd0a310000 - 0x00007ffd0a322000 	C:\WINDOWS\System32\winrnr.dll
0x00007ffd169f0000 - 0x00007ffd169fa000 	C:\Windows\System32\rasadhlp.dll
0x00007ffd18460000 - 0x00007ffd184e0000 	C:\WINDOWS\System32\fwpuclnt.dll
0x00007ffd23990000 - 0x00007ffd239c3000 	C:\WINDOWS\SYSTEM32\ntmarta.dll

dbghelp: loaded successfully - version: 4.0.5 - missing functions: none
symbol engine: initialized successfully - sym options: 0x614 - pdb path: .;C:\Program Files\Eclipse Adoptium\jdk-17.0.20.101-hotspot\bin;C:\WINDOWS\SYSTEM32;C:\WINDOWS\WinSxS\amd64_microsoft.windows.common-controls_6595b64144ccf1df_6.0.19041.6456_none_60b8a6cb71f64256;C:\WINDOWS\system32\DriverStore\FileRepository\nvacwu.inf_amd64_9d2734742a07f3cf;C:\Program Files\NVIDIA Corporation\CoProcManager;C:\Program Files\Eclipse Adoptium\jdk-17.0.20.101-hotspot\bin\server;C:\Users\PC-001\.gradle\native\c067742578af261105cb4f569cf0c3c89f3d7b1fecec35dd04571415982c5e48\windows-amd64;C:\Users\PC-001\.gradle\native\38dada09dfb8b06ba9b0570ebf7e218e3eb74d4ef43ca46872605cf95ebc2f47\windows-amd64

VM Arguments:
jvm_args: -XX:MaxMetaspaceSize=512m --add-opens=java.base/java.util=ALL-UNNAMED --add-opens=java.base/java.lang=ALL-UNNAMED --add-opens=java.base/java.lang.invoke=ALL-UNNAMED --add-opens=java.prefs/java.util.prefs=ALL-UNNAMED --add-opens=java.base/java.nio.charset=ALL-UNNAMED --add-opens=java.base/java.net=ALL-UNNAMED --add-opens=java.base/java.util.concurrent.atomic=ALL-UNNAMED -Xmx2048m -Dfile.encoding=windows-1252 -Duser.country=US -Duser.language=en -Duser.variant -javaagent:C:\Users\PC-001\.gradle\wrapper\dists\gradle-8.6-all\3mbtmo166bl6vumsh5k2lkq5h\gradle-8.6\lib\agents\gradle-instrumentation-agent-8.6.jar 
java_command: org.gradle.launcher.daemon.bootstrap.GradleDaemon 8.6
java_class_path (initial): C:\Users\PC-001\.gradle\wrapper\dists\gradle-8.6-all\3mbtmo166bl6vumsh5k2lkq5h\gradle-8.6\lib\gradle-launcher-8.6.jar
Launcher Type: SUN_STANDARD

[Global flags]
     intx CICompilerCount                          = 3                                         {product} {ergonomic}
   size_t CompressedClassSpaceSize                 = 436207616                                 {product} {ergonomic}
     uint ConcGCThreads                            = 1                                         {product} {ergonomic}
     uint G1ConcRefinementThreads                  = 4                                         {product} {ergonomic}
   size_t G1HeapRegionSize                         = 1048576                                   {product} {ergonomic}
    uintx GCDrainStackTargetSize                   = 64                                        {product} {ergonomic}
   size_t InitialHeapSize                          = 132120576                                 {product} {ergonomic}
   size_t MarkStackSize                            = 4194304                                   {product} {ergonomic}
   size_t MaxHeapSize                              = 2147483648                                {product} {command line}
   size_t MaxMetaspaceSize                         = 536870912                                 {product} {command line}
   size_t MaxNewSize                               = 1287651328                                {product} {ergonomic}
   size_t MinHeapDeltaBytes                        = 1048576                                   {product} {ergonomic}
   size_t MinHeapSize                              = 8388608                                   {product} {ergonomic}
    uintx NonNMethodCodeHeapSize                   = 5832780                                {pd product} {ergonomic}
    uintx NonProfiledCodeHeapSize                  = 122912730                              {pd product} {ergonomic}
    uintx ProfiledCodeHeapSize                     = 122912730                              {pd product} {ergonomic}
    uintx ReservedCodeCacheSize                    = 251658240                              {pd product} {ergonomic}
     bool SegmentedCodeCache                       = true                                      {product} {ergonomic}
   size_t SoftMaxHeapSize                          = 2147483648                             {manageable} {ergonomic}
     bool UseCompressedClassPointers               = true                           {product lp64_product} {ergonomic}
     bool UseCompressedOops                        = true                           {product lp64_product} {ergonomic}
     bool UseG1GC                                  = true                                      {product} {ergonomic}
     bool UseLargePagesIndividualAllocation        = false                                  {pd product} {ergonomic}

Logging:
Log output configuration:
 #0: stdout all=warning uptime,level,tags
 #1: stderr all=off uptime,level,tags

Environment Variables:
JAVA_HOME=C:\Program Files\Eclipse Adoptium\jdk-17.0.20.101-hotspot
CLASSPATH=D:\LionPOSNative\android\\gradle\wrapper\gradle-wrapper.jar
PATH=D:\LionPOSNative\node_modules\.bin;D:\LionPOSNative\node_modules\.bin;D:\node_modules\.bin;C:\Program Files\nodejs\node_modules\npm\node_modules\@npmcli\run-script\lib\node-gyp-bin;C:\Program Files\Eclipse Adoptium\jdk-17.0.20.101-hotspot\bin;C:\WINDOWS\system32;C:\WINDOWS;C:\WINDOWS\System32\Wbem;C:\WINDOWS\System32\WindowsPowerShell\v1.0\;C:\WINDOWS\System32\OpenSSH\;C:\Program Files\Git\cmd;C:\Program Files\nodejs\;C:\WINDOWS\system32;C:\WINDOWS;C:\WINDOWS\System32\Wbem;C:\WINDOWS\System32\WindowsPowerShell\v1.0\;C:\WINDOWS\System32\OpenSSH\;C:\Program Files\Git\cmd;C:\Program Files\nodejs\;C:\Users\PC-001\AppData\Local\Programs\Python\Python313\Scripts\;C:\Users\PC-001\AppData\Local\Programs\Python\Python313\;C:\Users\PC-001\AppData\Local\Programs\Python\Launcher\;C:\Users\PC-001\AppData\Local\Microsoft\WindowsApps;C:\Users\PC-001\AppData\Local\Programs\Microsoft VS Code\bin;C:\Users\PC-001\AppData\Local\GitHubDesktop\bin;C:\Users\PC-001\.gradle\jdks\eclipse_adoptium-17-amd64-windows.2\bin;C:\Users\PC-001\AppData\Roaming\npm;C:\Users\PC-001\AppData\Local\Android\Sdk\platform-tools;C:\Users\PC-001\AppData\Local\Android\Sdk\emulator;c:\Users\PC-001\.vscode\extensions\vscjava.vscode-java-debug-0.59.0\bundled\scripts\noConfigScripts
USERNAME=PC-001
LANG=en_US.UTF-8
OS=Windows_NT
PROCESSOR_IDENTIFIER=Intel64 Family 6 Model 42 Stepping 7, GenuineIntel
TMP=C:\Users\PC-001\AppData\Local\Temp
TEMP=C:\Users\PC-001\AppData\Local\Temp



Periodic native trim disabled


---------------  S Y S T E M  ---------------

OS:
 Windows 10 , 64 bit Build 19041 (10.0.19041.5915)
OS uptime: 0 days 3:04 hours
Hyper-V role detected

CPU: total 4 (initial active 4) (2 cores per cpu, 2 threads per core) family 6 model 42 stepping 7 microcode 0x2f, cx8, cmov, fxsr, ht, mmx, sse, sse2, sse3, ssse3, sse4.1, sse4.2, popcnt, tsc, tscinvbit, avx, aes, clmul, vzeroupper, clflush, hv
Processor Information for all 4 processors :
  Max Mhz: 2501, Current Mhz: 2501, Mhz Limit: 2501

Memory: 4k page, system-wide physical 8003M (506M free)
TotalPageFile size 14915M (AvailPageFile size 3511M)
current process WorkingSet (physical memory assigned to process): 548M, peak: 616M
current process commit charge ("private bytes"): 829M, peak: 833M

vm_info: OpenJDK 64-Bit Server VM (17.0.20.1+1) for windows-amd64 JRE (17.0.20.1+1), built on Aug 18 2026 20:44:09 by "admin" with MS VC++ 17.12 (VS2022)

END.
